split,experiment,seed,comparison_tier,map50_95,map50,map75,ap_s,ap_m,ap_l,ball_ap,ball_ap_s,ball_recall,bat_ap,tiny_ball_recall,small_ball_recall,large_ball_recall,checkpoint_sha256
val,B0-Clean,42,strict_fair,0.4748033979734336,0.7445591193959931,0.5490787222676662,0.26963522553002095,0.7171258189006641,0.867971335595098,0.3192729434345991,0.3008030187066675,0.7681159420289855,0.6303338525122683,0.47368421052631576,0.8712121212121212,0.6030534351145038,834c09acea234007f32c8f3c2a682ae1aa7eb0744bcbd5e9b1d20ec1ea42530a
val,B0-Clean,43,strict_fair,0.44658903148362444,0.6369435833190844,0.48120419685502136,0.22484686021053502,0.6931956344118267,0.9288118811881189,0.2107011671087244,0.1669293990561069,0.43719806763285024,0.6824768958585244,0.8421052631578947,0.32196969696969696,0.6106870229007634,d7c191bfbd1074da4b8f30def0460b9ad51b4c37b46c0498c9c82aded827a968
val,P2-Direct-Clean,42,strict_fair,0.4519634418768626,0.6370940474301425,0.5025560138767329,0.25035585917350867,0.724635547927202,0.8802252100210021,0.20575022881985688,0.16463353212605117,0.45893719806763283,0.6981766549338684,1.0,0.3560606060606061,0.5877862595419847,941d6c0fa8e8d4edd9910b6f81279b7d619cea8538d0b13fe06f8774860f772c
val,P2-Direct-Clean,43,strict_fair,0.4412217026865878,0.6511497391363372,0.4843764495728293,0.21697343402874245,0.7512799310713463,0.8435437293729374,0.18071922761693582,0.14839156766467573,0.46618357487922707,0.7017241777562396,1.0,0.36363636363636365,0.5954198473282443,a53a4027bf4b96d557b97a1e5c133de114d768433a5a5b9cde1bb7ef753434e7
val,P2-PaperFormula-Clean,42,strict_fair,0.4621770518915874,0.7159818189738193,0.47979322070430125,0.2639783873982397,0.7161511906125532,0.9133663366336634,0.2741003218998415,0.23920414233688778,0.8647342995169082,0.6502537818833334,0.7894736842105263,0.928030303030303,0.7480916030534351,c436ccc354389667c69ea2a097d1150e17bca369ebb175691d4e8fae52777e3c
val,P2-PaperFormula-Clean,43,strict_fair,0.44283672253915085,0.6299380384486049,0.4914370405336046,0.23785972772552735,0.6740305736943473,0.8852035203520352,0.20701729569959879,0.1766388495913617,0.43719806763285024,0.6786561493787029,1.0,0.3371212121212121,0.5572519083969466,54203cd2e4526fd34a59fc0304264213ef6479c69081ed77a6a9666bd386dd36
val,P2-Lite35-Clean,42,strict_fair,0.44275626144357455,0.630098397116882,0.48810564215206426,0.20029849231896785,0.7536384476698836,0.8812706270627063,0.19827915380389002,0.16219498489093667,0.4323671497584541,0.6872333690832592,0.8421052631578947,0.32954545454545453,0.5801526717557252,3c76cd211211e7f73d2176e7f761b01abf8b5d9e487ef2ed23c7d0c69a2b2843
val,P2-Lite35-Clean,43,strict_fair,0.45978639386979875,0.6578512380970208,0.491356903923827,0.23714187110321536,0.7403052017196475,0.9113861386138614,0.22280369645029235,0.184228142715595,0.46618357487922707,0.6967690912893051,0.8947368421052632,0.35984848484848486,0.6183206106870229,79b8eaea9d7e05f4b30f9eea5c920ef6f47b60f14afa3c4e9d2439c47b886778
val,P2-Lite35-F7-Clean,42,strict_fair,0.4384102667340854,0.6325257470074618,0.4813945398847903,0.23761858735725044,0.75038062869484,0.888960396039604,0.1802142596406308,0.14578346468879697,0.41304347826086957,0.69660627382754,0.8421052631578947,0.3484848484848485,0.48091603053435117,3ff2d6f6bb13a3e225357bc781beea03f993b4613c776bf1c8d778ee6918b914
val,P2-Lite35-F7-Clean,43,strict_fair,0.4420456340000437,0.6418829353773731,0.4854637883706389,0.2359873493923842,0.7169242445486544,0.8805250525052506,0.2066028205869896,0.17061027596723113,0.47342995169082125,0.6774884474130977,1.0,0.36363636363636365,0.6183206106870229,7f616b366f77d6b56cea61759d8162d2d90c61fd1a4b881a2775209a1f90d7ed
val,P2-Partial50-Clean,42,strict_fair,0.4454370049087533,0.6298931943711011,0.4969332823964245,0.2249411769567696,0.7205228648452591,0.9243811881188119,0.21590187368207528,0.17244502541035206,0.4227053140096618,0.6749721361354315,1.0,0.3371212121212121,0.5114503816793893,a6a2524e5123f47f4c13d5252be63099d2da34a1d4f1b3417d1f3e32bee774f5
val,P2-Partial50-Clean,43,strict_fair,0.4498223449884376,0.6414536270555196,0.4937809006061947,0.2373118406399904,0.7515866519713862,0.9255775577557755,0.2109818133876686,0.1632206096116492,0.43478260869565216,0.6886628765892066,0.8421052631578947,0.35984848484848486,0.5267175572519084,312e7d461b03418a29121a1359034e1091d1aee6f51bd460dd1e7bc5c23b2204
val,P2-Partial25-Clean,42,strict_fair,0.45112025023396685,0.6330356250268078,0.5030573381435933,0.19925866472321085,0.7332249336792905,0.9183168316831684,0.19047281952634437,0.1440282698081333,0.37681159420289856,0.7117676809415895,0.8421052631578947,0.3068181818181818,0.45038167938931295,429d205ab5320e59d9499daa6b3872c4418bf8bae0292044d76ae6fd334e6a70
val,P2-Partial25-Clean,43,strict_fair,0.4470812437930097,0.6929496490208076,0.5099501547173322,0.2372832730455607,0.6782922158159078,0.8280845530205194,0.286773147191936,0.26256515264693986,0.8019323671497585,0.6073893403940835,0.3684210526315789,0.8901515151515151,0.6870229007633588,543c0e6027658c3891a3d5076b4369b7f117ab79271a8d6dce420396d9eee509
val,P3-M7-Clean,42,strict_fair,0.4504406215540945,0.6605677716944387,0.4834449399546312,0.2507994664681328,0.7432275508054522,0.8199526367110395,0.20855344137822754,0.18358530960139183,0.46859903381642515,0.6923278017299613,1.0,0.3560606060606061,0.6183206106870229,e87f0f8998a52adad53b3500606a34ed542eb9721773a1083e62b9f2dac2cea7
val,P3-M7-Clean,43,strict_fair,0.4318228385596966,0.6325731007210322,0.47050228768585994,0.2232655535571732,0.7219813024208964,0.8901980198019802,0.21447781804393173,0.17277358212383473,0.4830917874396135,0.6491678590754616,0.8947368421052632,0.38636363636363635,0.6183206106870229,b39200bc50dd49bb480c687363602a91de1b20851d896c2307aa88109eebe797
val,P3-Lite35-Clean,42,strict_fair,0.4441339194730317,0.6221702551291529,0.4863236798972497,0.2149081969982476,0.7512279453721289,0.9169001164822365,0.20245702605148186,0.1624322209632293,0.40096618357487923,0.6858108128945817,1.0,0.32196969696969696,0.4732824427480916,6deb1a9a719646465e6ed05284aa10696e3da8f643ce26725f94eb3216f66067
val,P3-Lite35-Clean,43,strict_fair,0.4315586706648588,0.6073602454501017,0.4791041422393979,0.20586539930771008,0.6342764718140822,0.9312871287128713,0.1890611297913908,0.15192525871813045,0.3961352657004831,0.6740562115383267,0.9473684210526315,0.3181818181818182,0.4732824427480916,8c6587508bc8b7fc719d6726775a97264f2dd72d7ef1c46607ee3d85c5abc8cd
val,P3-Lite35-F7-Clean,42,strict_fair,0.4166108846025188,0.6546946469422249,0.4502642922562904,0.1925515222806017,0.6456638637867136,0.8744801980198019,0.20992078741678755,0.17729496969728809,0.8333333333333334,0.62330098178825,0.8421052631578947,0.9166666666666666,0.6641221374045801,0c053b2552d00ab13ad88e1925cde1464fdb6c941f32e702721cfc3caf9a25ec
val,P3-Lite35-F7-Clean,43,strict_fair,0.44420149983609036,0.6232887820909734,0.48809062197835484,0.2340674350842935,0.7354305818412258,0.9186468646864686,0.20369098634392316,0.1630584898165642,0.4227053140096618,0.6847120133282575,0.8421052631578947,0.3484848484848485,0.5114503816793893,80b64a5d744fa3126718eea5e602bcdd52ef5384da731bc1bf8f7c9bee985362
val,P3-Partial50-Clean,42,strict_fair,0.41551074839263086,0.6431123259618365,0.4440335705876305,0.20721490674259094,0.6871801300485133,0.7583861957870415,0.18823433207672052,0.15926446116218937,0.7608695652173914,0.6427871647085411,1.0,0.7803030303030303,0.6870229007633588,5399cf421af88410b91086c69afcc2bb9ffb8a54913328d82ff28b7740547400
val,P3-Partial50-Clean,43,strict_fair,0.44579843653723816,0.6430658264926616,0.4951241846552055,0.21977204232589598,0.7388339360701749,0.8605060506050605,0.19514885948068497,0.1498487326718872,0.42995169082125606,0.6964480135937915,0.8421052631578947,0.3333333333333333,0.5648854961832062,0f495cdbe4cdda7ae82e0ab59348f753af10581bddb2e3a312b67c443079415b
val,P3-Partial25-Clean,42,strict_fair,0.44216432287377894,0.6251134318293664,0.4994320249496901,0.19295742312149256,0.7484765230709415,0.9151499708794409,0.1945059482720876,0.15300754844624764,0.3961352657004831,0.6898226974754704,0.9473684210526315,0.32196969696969696,0.46564885496183206,bc7ebca210def1a95a2f59cb1f5c6da6b68cbc48c0477379ea5a90077ddb5a5f
val,P3-Partial25-Clean,43,strict_fair,0.4569055067010614,0.6566500268137693,0.5040793373769089,0.23180406744123222,0.7364209210514839,0.8890564056405641,0.2206842875849584,0.1752671924258024,0.4758454106280193,0.6931267258171644,0.6842105263157895,0.36363636363636365,0.6717557251908397,76494ac115003e953d112bf9ae4914a0a89bad8ce8ba32a2a4013f03039fac61
val,P2-Control-Clean-Head,42,optimization_control,0.0075701628535642,0.00948852594579169,0.009488448844884487,3.084036288004579e-08,0.007570132013201319,0.0,6.168072576009158e-08,6.168072576009158e-08,0.050724637681159424,0.015140264026402638,0.0,0.03409090909090909,0.0916030534351145,75647cfe35340c5c9a046a81fa64f7375f696a4920cf9cf35694ed07ee67eb80
val,P2-Control-Clean-Head,43,optimization_control,0.0044033102145842155,0.009032296459416904,0.00416624080359098,0.0004350014831404865,0.007510716062225906,0.1365175989331769,0.0022630679486713382,0.0005361018436046449,0.3526570048309179,0.006543552480497091,0.5789473684210527,0.32954545454545453,0.366412213740458,2ff70727eb966e59dd31630853105104c4e784ca28caf85c7c707b647301da8f
val,P2-Control-Clean-Full,42,optimization_control,0.5202864553331609,0.8134404238332498,0.4990416127246238,0.39836840884054736,0.7565651726323886,0.8736195048076236,0.33419499270200825,0.30178487521104214,0.8502415458937198,0.7063779179643133,0.8421052631578947,0.9356060606060606,0.6793893129770993,4744ce87fc8f44ab896271c129df252548ca353ff8adb834cd16e20a83cd1f4d
val,P2-Control-Clean-Full,43,optimization_control,0.4654755325783013,0.6648833213342389,0.5246957064014505,0.3027149700128411,0.7613209058995376,0.932079207920792,0.2045630252941376,0.16089067908327948,0.42995169082125606,0.726388039862465,0.7368421052631579,0.3446969696969697,0.5572519083969466,ecb0c85868aea1b5fbf28802897dad3b358d6ad51f88f07f86589940020dcee0
test,B0-Clean,42,strict_fair,0.4939444310977764,0.7608880807809889,0.5352503500803876,0.21441974288274154,0.5167528014767079,0.5944857173597731,0.4255343540496897,0.24862161349866643,0.9165009940357853,0.5623545081458631,0.24,0.9032258064516129,0.9828767123287672,834c09acea234007f32c8f3c2a682ae1aa7eb0744bcbd5e9b1d20ec1ea42530a
test,B0-Clean,43,strict_fair,0.5911618369695245,0.8424296986141875,0.6587196887440836,0.34039683753695543,0.6440562327846076,0.6746704003311619,0.5318082843810443,0.3611729668085267,0.9343936381709742,0.6505153895580047,0.4,0.956989247311828,0.9657534246575342,d7c191bfbd1074da4b8f30def0460b9ad51b4c37b46c0498c9c82aded827a968
test,P2-Direct-Clean,42,strict_fair,0.5797937000611327,0.8346513708058034,0.6589355350205951,0.3510771485874437,0.6698245261529465,0.6426912584048983,0.5281559594024918,0.36982038414192814,0.9363817097415507,0.6314314407197738,0.64,0.946236559139785,0.9554794520547946,941d6c0fa8e8d4edd9910b6f81279b7d619cea8538d0b13fe06f8774860f772c
test,P2-Direct-Clean,43,strict_fair,0.5718871077746004,0.8291134960593556,0.6402762415264962,0.34533711992212773,0.4816713461426284,0.6484766155652384,0.4853492292201736,0.33158032997981113,0.9423459244532804,0.6584249863290272,0.64,0.9408602150537635,0.9691780821917808,a53a4027bf4b96d557b97a1e5c133de114d768433a5a5b9cde1bb7ef753434e7
test,P2-PaperFormula-Clean,42,strict_fair,0.5791262119666349,0.8398794633189743,0.6525329924323643,0.3183702466253275,0.6605579768064384,0.6479464117780607,0.5058367871628441,0.33479731247748995,0.9423459244532804,0.6524156367704257,0.52,0.956989247311828,0.9691780821917808,c436ccc354389667c69ea2a097d1150e17bca369ebb175691d4e8fae52777e3c
test,P2-PaperFormula-Clean,43,strict_fair,0.6084361631613693,0.8743865137558505,0.6760812477995483,0.373925405478001,0.5690433792761226,0.682563787795665,0.5714959645324363,0.3936568075150241,0.9602385685884692,0.6453763617903021,0.64,1.0,0.9623287671232876,54203cd2e4526fd34a59fc0304264213ef6479c69081ed77a6a9666bd386dd36
test,P2-Lite35-Clean,42,strict_fair,0.5535719613077359,0.8135015985329677,0.6224967021280577,0.3664877951759531,0.5762643956523649,0.629581582549403,0.4944853786984514,0.3848969289205918,0.94831013916501,0.6126585439170203,0.6,0.967741935483871,0.9657534246575342,3c76cd211211e7f73d2176e7f761b01abf8b5d9e487ef2ed23c7d0c69a2b2843
test,P2-Lite35-Clean,43,strict_fair,0.5868005235082542,0.8660102122452334,0.6436455805247465,0.36384439172269073,0.5990676935278823,0.6841147676997235,0.5475153679427579,0.38079844599202095,0.9403578528827038,0.6260856790737505,0.64,0.9516129032258065,0.958904109589041,79b8eaea9d7e05f4b30f9eea5c920ef6f47b60f14afa3c4e9d2439c47b886778
test,P2-Lite35-F7-Clean,42,strict_fair,0.5859966611801748,0.8342825131663716,0.6717668974386142,0.33344404915168774,0.5799264455474752,0.6606544337094354,0.5171553565890433,0.3511547147033196,0.9443339960238568,0.6548379657713062,0.64,0.946236559139785,0.9691780821917808,3ff2d6f6bb13a3e225357bc781beea03f993b4613c776bf1c8d778ee6918b914
test,P2-Lite35-F7-Clean,43,strict_fair,0.5936452511516574,0.8592905072478738,0.6731854546929837,0.3775831385058999,0.6569500707804519,0.643033926157655,0.517690457723977,0.37851033015532193,0.9602385685884692,0.6696000445793379,0.64,0.9731182795698925,0.9794520547945206,7f616b366f77d6b56cea61759d8162d2d90c61fd1a4b881a2775209a1f90d7ed
test,P2-Partial50-Clean,42,strict_fair,0.5672436294531078,0.8347568766053094,0.6178705569533406,0.3363220092196002,0.5686456978512365,0.6659933962436682,0.5264167988894909,0.38056685805908197,0.9343936381709742,0.6080704600167246,0.64,0.946236559139785,0.952054794520548,a6a2524e5123f47f4c13d5252be63099d2da34a1d4f1b3417d1f3e32bee774f5
test,P2-Partial50-Clean,43,strict_fair,0.585174877240955,0.850389889221309,0.638480705359082,0.3440424184311092,0.5681957648228183,0.6758076867107523,0.5280312601724605,0.3710656702112091,0.9443339960238568,0.6423184943094494,0.64,0.956989247311828,0.9623287671232876,312e7d461b03418a29121a1359034e1091d1aee6f51bd460dd1e7bc5c23b2204
test,P2-Partial25-Clean,42,strict_fair,0.5892745980584324,0.8492898831898759,0.6352867045995504,0.3397506970780079,0.5791663045402202,0.6813419960124355,0.5438653073544306,0.3781303766879444,0.9681908548707754,0.6346838887624341,0.76,0.978494623655914,0.9794520547945206,429d205ab5320e59d9499daa6b3872c4418bf8bae0292044d76ae6fd334e6a70
test,P2-Partial25-Clean,43,strict_fair,0.45689275524963274,0.7309586781563157,0.4977424227720586,0.2500070945840413,0.4429884851385514,0.5548022216314535,0.37067558246169235,0.2594290058138227,0.904572564612326,0.5431099280375733,0.36,0.9247311827956989,0.9383561643835616,543c0e6027658c3891a3d5076b4369b7f117ab79271a8d6dce420396d9eee509
test,P3-M7-Clean,42,strict_fair,0.5744662021490555,0.8440722940849573,0.6509301273466465,0.33304170590423365,0.5636642105636073,0.640307744187646,0.5127504664879702,0.3429571818732824,0.9502982107355865,0.6361819378101409,0.64,0.967741935483871,0.9657534246575342,e87f0f8998a52adad53b3500606a34ed542eb9721773a1083e62b9f2dac2cea7
test,P3-M7-Clean,43,strict_fair,0.5772440076833444,0.8531521993924542,0.6423805244507118,0.3448980625488536,0.626908686319636,0.6546940103937621,0.5240793005875618,0.36699604596159496,0.9463220675944334,0.630408714779127,0.6,0.956989247311828,0.9691780821917808,b39200bc50dd49bb480c687363602a91de1b20851d896c2307aa88109eebe797
test,P3-Lite35-Clean,42,strict_fair,0.5826108385865908,0.8432890089347693,0.646743831653468,0.34961372156738857,0.6210807519875072,0.6693638139319875,0.51517452890066,0.38262730021697056,0.9403578528827038,0.6500471482725214,0.64,0.967741935483871,0.9486301369863014,6deb1a9a719646465e6ed05284aa10696e3da8f643ce26725f94eb3216f66067
test,P3-Lite35-Clean,43,strict_fair,0.5966242290446231,0.8591130194199271,0.6598129556939332,0.39944635507279336,0.615345187403158,0.6745613669294568,0.5457520081529391,0.37376448084352687,0.9463220675944334,0.6474964499363071,0.76,0.967741935483871,0.9486301369863014,8c6587508bc8b7fc719d6726775a97264f2dd72d7ef1c46607ee3d85c5abc8cd
test,P3-Lite35-F7-Clean,42,strict_fair,0.533907562813166,0.7981055865522045,0.5507302534032881,0.30567361913906377,0.45945284961667315,0.6951765662685198,0.46493207305282386,0.2622181744518523,0.9602385685884692,0.602883052573508,0.6,0.946236559139785,1.0,0c053b2552d00ab13ad88e1925cde1464fdb6c941f32e702721cfc3caf9a25ec
test,P3-Lite35-F7-Clean,43,strict_fair,0.5866744651259654,0.8607872496781656,0.641747238281072,0.3809974956616206,0.5415687460603588,0.6605662649094267,0.5139193616687009,0.37747010055442487,0.9343936381709742,0.65942956858323,0.64,0.9408602150537635,0.9554794520547946,80b64a5d744fa3126718eea5e602bcdd52ef5384da731bc1bf8f7c9bee985362
test,P3-Partial50-Clean,42,strict_fair,0.5071775969398605,0.7867826122673639,0.5462446994767713,0.39331349286714246,0.5409573480156443,0.5410391028165161,0.3798121169250857,0.3475838044682544,0.9502982107355865,0.6345430769546353,0.64,0.956989247311828,0.9726027397260274,5399cf421af88410b91086c69afcc2bb9ffb8a54913328d82ff28b7740547400
test,P3-Partial50-Clean,43,strict_fair,0.578871135705943,0.8435418488726968,0.6376966685212488,0.3745145119231668,0.6022888718315679,0.6363460282547969,0.5144054413780873,0.36218270318174905,0.94831013916501,0.6433368300337988,0.72,0.946236559139785,0.9691780821917808,0f495cdbe4cdda7ae82e0ab59348f753af10581bddb2e3a312b67c443079415b
test,P3-Partial25-Clean,42,strict_fair,0.5878237213687353,0.8393813856400386,0.6544851674080959,0.38745141918951553,0.6047535725536974,0.6784808402700339,0.5542986718694776,0.392863056566868,0.9502982107355865,0.6213487708679929,0.64,0.9623655913978495,0.9691780821917808,bc7ebca210def1a95a2f59cb1f5c6da6b68cbc48c0477379ea5a90077ddb5a5f
test,P3-Partial25-Clean,43,strict_fair,0.5836999159212986,0.8321573263297911,0.6599226383750664,0.35164396757937305,0.5579029973864337,0.6712278003036183,0.50525690452565,0.30157919839930497,0.9463220675944334,0.662142927316947,0.6,0.956989247311828,0.9691780821917808,76494ac115003e953d112bf9ae4914a0a89bad8ce8ba32a2a4013f03039fac61
test,P2-Control-Clean-Head,42,optimization_control,0.00011205512443136206,0.00016724645437516726,0.00015052180893765054,0.0,0.0010328810658843661,0.0,0.0,0.0,0.03578528827037773,0.00022411024886272412,0.0,0.08064516129032258,0.010273972602739725,75647cfe35340c5c9a046a81fa64f7375f696a4920cf9cf35694ed07ee67eb80
test,P2-Control-Clean-Head,43,optimization_control,0.011469611111245195,0.03152276271163984,0.006615944124550352,0.0015339509714103643,0.012673298643042182,0.05958306613031567,0.011587401701167952,0.0016194581819075798,0.8011928429423459,0.011351820521322435,0.2,0.8494623655913979,0.821917808219178,2ff70727eb966e59dd31630853105104c4e784ca28caf85c7c707b647301da8f
test,P2-Control-Clean-Full,42,optimization_control,0.6514697641189601,0.8952966820967139,0.720702968618824,0.434528545931547,0.609413375399637,0.7562244698335674,0.6069452598774857,0.38275378786260306,0.9562624254473161,0.6959942683604345,0.68,0.956989247311828,0.9794520547945206,4744ce87fc8f44ab896271c129df252548ca353ff8adb834cd16e20a83cd1f4d
test,P2-Control-Clean-Full,43,optimization_control,0.6495171937394876,0.8921313508640812,0.7369021664362077,0.41047987957253756,0.59297144021666,0.7774295376205098,0.6343760939909896,0.4050473022426635,0.9721669980119284,0.6646582934879857,0.88,0.967741935483871,0.9828767123287672,ecb0c85868aea1b5fbf28802897dad3b358d6ad51f88f07f86589940020dcee0
