model_id,architecture,stage,train_fraction,gate,bittrue_sha256,dataset,evaluator,scope,images,instances,precision,recall,f1,ap50,ap75,ap50_95,ap_s,ap_m,ap_l,ar100
a0,baseline-attention,a0,,immutable,c989aeed09de7663ad093d32d098e5fc889cf04924fa1162efaf886869de0123,coco2017-val,ultralytics-internal,overall,,,,0.6177076954291076,,0.6771640928545082,0.5552919552466266,0.5067536423379944,0.35305720708630844,0.5570127573803683,0.658317675227077,
a0,baseline-attention,a0,,immutable,c989aeed09de7663ad093d32d098e5fc889cf04924fa1162efaf886869de0123,coco2017-val,ultralytics-internal,sports_ball,,,,,,,,0.5126958936317083,,,,
a0,baseline-attention,a0,,immutable,c989aeed09de7663ad093d32d098e5fc889cf04924fa1162efaf886869de0123,coco2017-val,ultralytics-internal,baseball_bat,,,,,,,,0.49276844372841644,,,,
a0,baseline-attention,a0,,immutable,c989aeed09de7663ad093d32d098e5fc889cf04924fa1162efaf886869de0123,coco2017-val,canonical-coco-api,baseball_bat,97,146,,,,0.7106416253256703,0.5370927549135476,0.4937959444987962,0.5145557006928283,0.5547794987969267,0.011241975938667806,0.6944827586206896
a0,baseline-attention,a0,,immutable,c989aeed09de7663ad093d32d098e5fc889cf04924fa1162efaf886869de0123,coco2017-val,canonical-coco-api,overall,5000,36781,,,,0.6848331674085386,0.5606564655496427,0.5125815122084253,0.35305720708630844,0.5570127573803683,0.658317675227077,0.7142972421991323
a0,baseline-attention,a0,,immutable,c989aeed09de7663ad093d32d098e5fc889cf04924fa1162efaf886869de0123,coco2017-val,canonical-coco-api,sports_ball,169,263,,,,0.7064317375343238,0.5791064964291329,0.5160565029130133,0.4748151983199249,0.8448536055333651,0.6379753192710577,0.6226923076923077
a0,baseline-attention,a0,,immutable,c989aeed09de7663ad093d32d098e5fc889cf04924fa1162efaf886869de0123,bbt5-detect-valid,ultralytics-internal,overall,,,0.6888881178094381,0.6310610636720573,0.6587078873565863,,,,,,,
a0,baseline-attention,a0,,immutable,c989aeed09de7663ad093d32d098e5fc889cf04924fa1162efaf886869de0123,bbt5-detect-valid,ultralytics-internal,sports_ball,279,301,0.5768396379408016,0.6112956810631229,0.5935680451530502,0.5901408539234497,0.27831966326333496,0.3180818786261289,,,,
a0,baseline-attention,a0,,immutable,c989aeed09de7663ad093d32d098e5fc889cf04924fa1162efaf886869de0123,bbt5-detect-valid,ultralytics-internal,baseball_bat,480,484,0.8009365976780746,0.6508264462809917,0.7181209381686222,0.7232603452969846,0.557248345729685,0.4924304454536812,,,,
full35-a2,full35,a2,,retained,5ca57319d3708e5639c4852bac0898038d61ac793a4973015f1b6be8b764582d,coco2017-val,ultralytics-internal,overall,,,,0.614384818202754,,0.6762899051361047,0.5547135645051352,0.50639125121949,0.35183131016004426,0.55677828578114,0.6579061745067816,
full35-a2,full35,a2,,retained,5ca57319d3708e5639c4852bac0898038d61ac793a4973015f1b6be8b764582d,coco2017-val,ultralytics-internal,sports_ball,,,,,,,,0.5106105039723358,,,,
full35-a2,full35,a2,,retained,5ca57319d3708e5639c4852bac0898038d61ac793a4973015f1b6be8b764582d,coco2017-val,ultralytics-internal,baseball_bat,,,,,,,,0.48914208589791286,,,,
full35-a2,full35,a2,,retained,5ca57319d3708e5639c4852bac0898038d61ac793a4973015f1b6be8b764582d,coco2017-val,canonical-coco-api,baseball_bat,97,146,,,,0.7045714145215916,0.5458214995287272,0.4908956234575235,0.5182070063817731,0.5480526425329711,0.009132688416054111,0.6986206896551724
full35-a2,full35,a2,,retained,5ca57319d3708e5639c4852bac0898038d61ac793a4973015f1b6be8b764582d,coco2017-val,canonical-coco-api,overall,5000,36781,,,,0.6840308240014354,0.5602549194206614,0.5123584427261969,0.35183131016004426,0.55677828578114,0.6579061745067816,0.7137975837298345
full35-a2,full35,a2,,retained,5ca57319d3708e5639c4852bac0898038d61ac793a4973015f1b6be8b764582d,coco2017-val,canonical-coco-api,sports_ball,169,263,,,,0.7086032753608736,0.576295730953142,0.51418541380365,0.4726814819585971,0.8450212970726051,0.6295379537953795,0.6173076923076922
full35-a2,full35,a2,,retained,5ca57319d3708e5639c4852bac0898038d61ac793a4973015f1b6be8b764582d,bbt5-detect-valid,ultralytics-internal,overall,,,0.691042555777937,0.6312841492545509,0.6598130556733294,,,,,,,
full35-a2,full35,a2,,retained,5ca57319d3708e5639c4852bac0898038d61ac793a4973015f1b6be8b764582d,bbt5-detect-valid,ultralytics-internal,sports_ball,279,301,0.5768413249255268,0.6179401993355482,0.5966838891820229,0.5882848030024713,0.27482883731407215,0.3141369717634372,,,,
full35-a2,full35,a2,,retained,5ca57319d3708e5639c4852bac0898038d61ac793a4973015f1b6be8b764582d,bbt5-detect-valid,ultralytics-internal,baseball_bat,480,484,0.8052437866303473,0.6446280991735537,0.7160395020129975,0.716195431659475,0.5468343065741572,0.48475854846229627,,,,
full35-b-f03,full35,b,0.3,rollback,9eb84288e6594f980c301c57aff7c25b52c85e21f855a68e5b0f6ea63be5a7fb,coco2017-val,ultralytics-internal,overall,,,,0.6133407644437301,,0.6710432585232209,0.5469316611328618,0.49950444563093044,0.346756433287066,0.5517507978262607,0.6480284740654944,
full35-b-f03,full35,b,0.3,rollback,9eb84288e6594f980c301c57aff7c25b52c85e21f855a68e5b0f6ea63be5a7fb,coco2017-val,ultralytics-internal,sports_ball,,,,,,,,0.5088972697279227,,,,
full35-b-f03,full35,b,0.3,rollback,9eb84288e6594f980c301c57aff7c25b52c85e21f855a68e5b0f6ea63be5a7fb,coco2017-val,ultralytics-internal,baseball_bat,,,,,,,,0.47799333367509533,,,,
full35-b-f03,full35,b,0.3,rollback,9eb84288e6594f980c301c57aff7c25b52c85e21f855a68e5b0f6ea63be5a7fb,coco2017-val,canonical-coco-api,baseball_bat,97,146,,,,0.6941044230797186,0.5386478310366678,0.4794290926729072,0.5111787639514804,0.5236511608491892,0.006911395349046275,0.6820689655172413
full35-b-f03,full35,b,0.3,rollback,9eb84288e6594f980c301c57aff7c25b52c85e21f855a68e5b0f6ea63be5a7fb,coco2017-val,canonical-coco-api,overall,5000,36781,,,,0.679547560802274,0.5530143946574484,0.5057805705387838,0.346756433287066,0.5517507978262607,0.6480284740654944,0.7077009590809145
full35-b-f03,full35,b,0.3,rollback,9eb84288e6594f980c301c57aff7c25b52c85e21f855a68e5b0f6ea63be5a7fb,coco2017-val,canonical-coco-api,sports_ball,169,263,,,,0.7065389575272892,0.581757813893297,0.5142631288800656,0.4706370066038234,0.8502056169481742,0.6389279250505696,0.6207692307692307
full35-b-f03,full35,b,0.3,rollback,9eb84288e6594f980c301c57aff7c25b52c85e21f855a68e5b0f6ea63be5a7fb,bbt5-detect-valid,ultralytics-internal,overall,,,0.6865266880715905,0.6189450581737943,0.6509865910287755,,,,,,,
full35-b-f03,full35,b,0.3,rollback,9eb84288e6594f980c301c57aff7c25b52c85e21f855a68e5b0f6ea63be5a7fb,bbt5-detect-valid,ultralytics-internal,sports_ball,279,301,0.5566722729642475,0.6132354604964649,0.5835864964274262,0.5844910518731187,0.26787226687278853,0.30866757874100914,,,,
full35-b-f03,full35,b,0.3,rollback,9eb84288e6594f980c301c57aff7c25b52c85e21f855a68e5b0f6ea63be5a7fb,bbt5-detect-valid,ultralytics-internal,baseball_bat,480,484,0.8163811031789334,0.6246546558511238,0.707763501153979,0.6965732904428307,0.5259571059057404,0.4652063218252824,,,,
full35-c-f03,full35,c,0.3,rollback,8cfdb532599c27ded718ef27a1b504a5716875bdea9777b875103948a672fe5a,coco2017-val,ultralytics-internal,overall,,,,0.6137619967466513,,0.6707373348180722,0.5441524400162756,0.4971468268656683,0.3454273607945253,0.5462708228626306,0.6481159011540727,
full35-c-f03,full35,c,0.3,rollback,8cfdb532599c27ded718ef27a1b504a5716875bdea9777b875103948a672fe5a,coco2017-val,ultralytics-internal,sports_ball,,,,,,,,0.5099814221678574,,,,
full35-c-f03,full35,c,0.3,rollback,8cfdb532599c27ded718ef27a1b504a5716875bdea9777b875103948a672fe5a,coco2017-val,ultralytics-internal,baseball_bat,,,,,,,,0.47300886149484755,,,,
full35-c-f03,full35,c,0.3,rollback,8cfdb532599c27ded718ef27a1b504a5716875bdea9777b875103948a672fe5a,coco2017-val,canonical-coco-api,baseball_bat,97,146,,,,0.7152510283766269,0.5117973849716468,0.4747369630430341,0.5107272283560288,0.5039632077105333,0.015764841329894152,0.6917241379310346
full35-c-f03,full35,c,0.3,rollback,8cfdb532599c27ded718ef27a1b504a5716875bdea9777b875103948a672fe5a,coco2017-val,canonical-coco-api,overall,5000,36781,,,,0.6786304147944031,0.5501287094693141,0.5031992378889334,0.3454273607945253,0.5462708228626306,0.6481159011540727,0.7084965576541657
full35-c-f03,full35,c,0.3,rollback,8cfdb532599c27ded718ef27a1b504a5716875bdea9777b875103948a672fe5a,coco2017-val,canonical-coco-api,sports_ball,169,263,,,,0.7072457702659571,0.5815262879932654,0.514994687058652,0.47299755377928554,0.8549383452904087,0.6372435069593916,0.6226923076923077
full35-c-f03,full35,c,0.3,rollback,8cfdb532599c27ded718ef27a1b504a5716875bdea9777b875103948a672fe5a,bbt5-detect-valid,ultralytics-internal,overall,,,0.6639784379806482,0.6561187227149172,0.6600251824018217,,,,,,,
full35-c-f03,full35,c,0.3,rollback,8cfdb532599c27ded718ef27a1b504a5716875bdea9777b875103948a672fe5a,bbt5-detect-valid,ultralytics-internal,sports_ball,279,301,0.540348807247662,0.6345514950166113,0.5836735981915204,0.5868554728711337,0.26520742781806955,0.3096761270573285,,,,
full35-c-f03,full35,c,0.3,rollback,8cfdb532599c27ded718ef27a1b504a5716875bdea9777b875103948a672fe5a,bbt5-detect-valid,ultralytics-internal,baseball_bat,480,484,0.7876080687136343,0.6776859504132231,0.728523989905282,0.7360419779149673,0.5868118961386155,0.515345213510588,,,,
full35-b-f10,full35,b,1.0,rollback,a8780ae988e61905fa78134b16bf362d2392d2a71f43941f770769bd42265cae,coco2017-val,ultralytics-internal,overall,,,,0.6169730097225762,,0.6743686464750798,0.551728100237385,0.5035027108346335,0.3475507450942734,0.5550722880684692,0.6556759918233048,
full35-b-f10,full35,b,1.0,rollback,a8780ae988e61905fa78134b16bf362d2392d2a71f43941f770769bd42265cae,coco2017-val,ultralytics-internal,sports_ball,,,,,,,,0.5160574642449893,,,,
full35-b-f10,full35,b,1.0,rollback,a8780ae988e61905fa78134b16bf362d2392d2a71f43941f770769bd42265cae,coco2017-val,ultralytics-internal,baseball_bat,,,,,,,,0.467346735096634,,,,
full35-b-f10,full35,b,1.0,rollback,a8780ae988e61905fa78134b16bf362d2392d2a71f43941f770769bd42265cae,coco2017-val,canonical-coco-api,baseball_bat,97,146,,,,0.689410914002731,0.5150702870536201,0.4682817587157472,0.5130198096420265,0.5055550789199579,0.011349837711183575,0.6834482758620689
full35-b-f10,full35,b,1.0,rollback,a8780ae988e61905fa78134b16bf362d2392d2a71f43941f770769bd42265cae,coco2017-val,canonical-coco-api,overall,5000,36781,,,,0.6822442273506921,0.5575588692247893,0.5095056372583652,0.3475507450942734,0.5550722880684692,0.6556759918233048,0.7097945178934333
full35-b-f10,full35,b,1.0,rollback,a8780ae988e61905fa78134b16bf362d2392d2a71f43941f770769bd42265cae,coco2017-val,canonical-coco-api,sports_ball,169,263,,,,0.7076239867751145,0.5832549263580881,0.5187637421746035,0.47555784904643145,0.8533110478018672,0.6433674012562546,0.6157692307692307
full35-b-f10,full35,b,1.0,rollback,a8780ae988e61905fa78134b16bf362d2392d2a71f43941f770769bd42265cae,bbt5-detect-valid,ultralytics-internal,overall,,,0.6453186675120994,0.6606971252848631,0.6529173550111668,,,,,,,
full35-b-f10,full35,b,1.0,rollback,a8780ae988e61905fa78134b16bf362d2392d2a71f43941f770769bd42265cae,bbt5-detect-valid,ultralytics-internal,sports_ball,279,301,0.5209856297647104,0.6478405315614618,0.57752918011298,0.5766976516930868,0.28445801908052076,0.3113254982888557,,,,
full35-b-f10,full35,b,1.0,rollback,a8780ae988e61905fa78134b16bf362d2392d2a71f43941f770769bd42265cae,bbt5-detect-valid,ultralytics-internal,baseball_bat,480,484,0.7696517052594885,0.6735537190082644,0.7184032982437071,0.7295217639611671,0.5594565857152363,0.4971786217567368,,,,
full35-c-f10,full35,c,1.0,rollback,5996dbc49cfb44f5f13ed60908cf2fd9c29144666967a08cf49a5c8e428d2b85,coco2017-val,ultralytics-internal,overall,,,,0.6125221840391173,,0.6717525604087504,0.5493737744093471,0.5013946996070097,0.3454741619333584,0.5527828551291378,0.6462020358270963,
full35-c-f10,full35,c,1.0,rollback,5996dbc49cfb44f5f13ed60908cf2fd9c29144666967a08cf49a5c8e428d2b85,coco2017-val,ultralytics-internal,sports_ball,,,,,,,,0.51267248532084,,,,
full35-c-f10,full35,c,1.0,rollback,5996dbc49cfb44f5f13ed60908cf2fd9c29144666967a08cf49a5c8e428d2b85,coco2017-val,ultralytics-internal,baseball_bat,,,,,,,,0.4788531872509732,,,,
full35-c-f10,full35,c,1.0,rollback,5996dbc49cfb44f5f13ed60908cf2fd9c29144666967a08cf49a5c8e428d2b85,coco2017-val,canonical-coco-api,baseball_bat,97,146,,,,0.693572686063981,0.54163250622518,0.4804574608876652,0.5150411037967845,0.5154970615745601,0.005008005513586752,0.6910344827586206
full35-c-f10,full35,c,1.0,rollback,5996dbc49cfb44f5f13ed60908cf2fd9c29144666967a08cf49a5c8e428d2b85,coco2017-val,canonical-coco-api,overall,5000,36781,,,,0.6794714045157414,0.5551093987736334,0.5071504614433096,0.3454741619333584,0.5527828551291378,0.6462020358270963,0.7085927405825367
full35-c-f10,full35,c,1.0,rollback,5996dbc49cfb44f5f13ed60908cf2fd9c29144666967a08cf49a5c8e428d2b85,coco2017-val,canonical-coco-api,sports_ball,169,263,,,,0.7046354882151089,0.5808704734009468,0.5156207810779861,0.4733134999902509,0.8507071061202497,0.6399079381622372,0.6215384615384616
full35-c-f10,full35,c,1.0,rollback,5996dbc49cfb44f5f13ed60908cf2fd9c29144666967a08cf49a5c8e428d2b85,bbt5-detect-valid,ultralytics-internal,overall,,,0.7023859571532475,0.6276635769221617,0.6629258098318437,,,,,,,
full35-c-f10,full35,c,1.0,rollback,5996dbc49cfb44f5f13ed60908cf2fd9c29144666967a08cf49a5c8e428d2b85,bbt5-detect-valid,ultralytics-internal,sports_ball,279,301,0.5670945376442175,0.5962362447534144,0.5813003879228398,0.5748717557240348,0.2729915876350033,0.3091752253897223,,,,
full35-c-f10,full35,c,1.0,rollback,5996dbc49cfb44f5f13ed60908cf2fd9c29144666967a08cf49a5c8e428d2b85,bbt5-detect-valid,ultralytics-internal,baseball_bat,480,484,0.8376773766622775,0.6590909090909091,0.737730146963134,0.7315557144233307,0.5702978668359426,0.5005112135458839,,,,
partial75-a2,partial75,a2,,retained,aa878765518efa6a3801c03e39ce5a3d78bea0fa09c70a3cbd41a83f7c6b77e8,coco2017-val,ultralytics-internal,overall,,,,0.6203587307192543,,0.6771173033193066,0.5545770005115477,0.5067544912590529,0.35461607520828775,0.55687199451628,0.658639574860129,
partial75-a2,partial75,a2,,retained,aa878765518efa6a3801c03e39ce5a3d78bea0fa09c70a3cbd41a83f7c6b77e8,coco2017-val,ultralytics-internal,sports_ball,,,,,,,,0.5154387442727641,,,,
partial75-a2,partial75,a2,,retained,aa878765518efa6a3801c03e39ce5a3d78bea0fa09c70a3cbd41a83f7c6b77e8,coco2017-val,ultralytics-internal,baseball_bat,,,,,,,,0.48695110108528566,,,,
partial75-a2,partial75,a2,,retained,aa878765518efa6a3801c03e39ce5a3d78bea0fa09c70a3cbd41a83f7c6b77e8,coco2017-val,canonical-coco-api,baseball_bat,97,146,,,,0.7120928191261156,0.5291253226951836,0.4886606392109285,0.5114508024449217,0.5483908930213046,0.01065604205751555,0.6882758620689655
partial75-a2,partial75,a2,,retained,aa878765518efa6a3801c03e39ce5a3d78bea0fa09c70a3cbd41a83f7c6b77e8,coco2017-val,canonical-coco-api,overall,5000,36781,,,,0.6848114403338108,0.5600861364106079,0.5126887795127215,0.35461607520828775,0.55687199451628,0.658639574860129,0.7130891277526223
partial75-a2,partial75,a2,,retained,aa878765518efa6a3801c03e39ce5a3d78bea0fa09c70a3cbd41a83f7c6b77e8,coco2017-val,canonical-coco-api,sports_ball,169,263,,,,0.7099405095501736,0.5756992646635375,0.5188192774335422,0.4774225324410649,0.8447583334161929,0.6295379537953795,0.6188461538461538
partial75-a2,partial75,a2,,retained,aa878765518efa6a3801c03e39ce5a3d78bea0fa09c70a3cbd41a83f7c6b77e8,bbt5-detect-valid,ultralytics-internal,overall,,,0.6912006941156476,0.629804920238324,0.6590760755230711,,,,,,,
partial75-a2,partial75,a2,,retained,aa878765518efa6a3801c03e39ce5a3d78bea0fa09c70a3cbd41a83f7c6b77e8,bbt5-detect-valid,ultralytics-internal,sports_ball,279,301,0.5758950364642025,0.6046511627906976,0.5899228741124184,0.5841499993874566,0.27206185959574025,0.31367175984405915,,,,
partial75-a2,partial75,a2,,retained,aa878765518efa6a3801c03e39ce5a3d78bea0fa09c70a3cbd41a83f7c6b77e8,bbt5-detect-valid,ultralytics-internal,baseball_bat,480,484,0.8065063517670926,0.6549586776859504,0.7228750918472345,0.7231363009218875,0.5546536117336124,0.4894368945087247,,,,
partial75-b-f03,partial75,b,0.3,rollback,ef21d05d83d65e4949dd486e30b4bf411e36d3a59cf787e25fd647bfa69932da,coco2017-val,ultralytics-internal,overall,,,,0.6139387297989856,,0.6708935862771372,0.5463435626992471,0.4982864460951055,0.3521636341690855,0.5497535754712748,0.6458625949758875,
partial75-b-f03,partial75,b,0.3,rollback,ef21d05d83d65e4949dd486e30b4bf411e36d3a59cf787e25fd647bfa69932da,coco2017-val,ultralytics-internal,sports_ball,,,,,,,,0.5036131088808592,,,,
partial75-b-f03,partial75,b,0.3,rollback,ef21d05d83d65e4949dd486e30b4bf411e36d3a59cf787e25fd647bfa69932da,coco2017-val,ultralytics-internal,baseball_bat,,,,,,,,0.4664891726301474,,,,
partial75-b-f03,partial75,b,0.3,rollback,ef21d05d83d65e4949dd486e30b4bf411e36d3a59cf787e25fd647bfa69932da,coco2017-val,canonical-coco-api,baseball_bat,97,146,,,,0.6749696115518768,0.523511719447743,0.4677035592614402,0.5018572091909901,0.5188953623898404,0.0069779874642884,0.669655172413793
partial75-b-f03,partial75,b,0.3,rollback,ef21d05d83d65e4949dd486e30b4bf411e36d3a59cf787e25fd647bfa69932da,coco2017-val,canonical-coco-api,overall,5000,36781,,,,0.6786227781768995,0.5525508513891334,0.5043963446943782,0.3521636341690855,0.5497535754712748,0.6458625949758875,0.7050705853053171
partial75-b-f03,partial75,b,0.3,rollback,ef21d05d83d65e4949dd486e30b4bf411e36d3a59cf787e25fd647bfa69932da,coco2017-val,canonical-coco-api,sports_ball,169,263,,,,0.701266800735139,0.5625530797006224,0.5101843405813484,0.4672900217228872,0.8485945817924413,0.6518151815181518,0.6103846153846154
partial75-b-f03,partial75,b,0.3,rollback,ef21d05d83d65e4949dd486e30b4bf411e36d3a59cf787e25fd647bfa69932da,bbt5-detect-valid,ultralytics-internal,overall,,,0.6830159783387524,0.6180362977403147,0.6489034673104987,,,,,,,
partial75-b-f03,partial75,b,0.3,rollback,ef21d05d83d65e4949dd486e30b4bf411e36d3a59cf787e25fd647bfa69932da,bbt5-detect-valid,ultralytics-internal,sports_ball,279,301,0.5671653355873397,0.6079734219269103,0.5868608241715284,0.5773446022657385,0.2772115909240852,0.3108643220572816,,,,
partial75-b-f03,partial75,b,0.3,rollback,ef21d05d83d65e4949dd486e30b4bf411e36d3a59cf787e25fd647bfa69932da,bbt5-detect-valid,ultralytics-internal,baseball_bat,480,484,0.798866621090165,0.628099173553719,0.7032648804474063,0.6946363109272058,0.5023444415455987,0.4486911994234021,,,,
partial75-c-f03,partial75,c,0.3,rollback,510f70c8bfd6d45a217fdf4626cfcf349587d75b8dc965a0d1fcbcf019c36e2b,coco2017-val,ultralytics-internal,overall,,,,0.6121164198782856,,0.6695455237232285,0.5450592767461795,0.497261550897957,0.3468793636973876,0.5476110444267784,0.648519717139198,
partial75-c-f03,partial75,c,0.3,rollback,510f70c8bfd6d45a217fdf4626cfcf349587d75b8dc965a0d1fcbcf019c36e2b,coco2017-val,ultralytics-internal,sports_ball,,,,,,,,0.5130314170124973,,,,
partial75-c-f03,partial75,c,0.3,rollback,510f70c8bfd6d45a217fdf4626cfcf349587d75b8dc965a0d1fcbcf019c36e2b,coco2017-val,ultralytics-internal,baseball_bat,,,,,,,,0.4738276056741322,,,,
partial75-c-f03,partial75,c,0.3,rollback,510f70c8bfd6d45a217fdf4626cfcf349587d75b8dc965a0d1fcbcf019c36e2b,coco2017-val,canonical-coco-api,baseball_bat,97,146,,,,0.7029883494712702,0.5208989178233935,0.47495497648528656,0.4943957352824796,0.5217204996236018,0.014297235369923427,0.6786206896551724
partial75-c-f03,partial75,c,0.3,rollback,510f70c8bfd6d45a217fdf4626cfcf349587d75b8dc965a0d1fcbcf019c36e2b,coco2017-val,canonical-coco-api,overall,5000,36781,,,,0.6779846640599725,0.551043623808472,0.5034887369667432,0.3468793636973876,0.5476110444267784,0.648519717139198,0.7077688500346377
partial75-c-f03,partial75,c,0.3,rollback,510f70c8bfd6d45a217fdf4626cfcf349587d75b8dc965a0d1fcbcf019c36e2b,coco2017-val,canonical-coco-api,sports_ball,169,263,,,,0.7073348687794844,0.5863575493975712,0.5167681247423017,0.4762346417688613,0.8506825032498221,0.6364686468646865,0.6188461538461538
partial75-c-f03,partial75,c,0.3,rollback,510f70c8bfd6d45a217fdf4626cfcf349587d75b8dc965a0d1fcbcf019c36e2b,bbt5-detect-valid,ultralytics-internal,overall,,,0.6646299155430215,0.6554494659674364,0.660007768184666,,,,,,,
partial75-c-f03,partial75,c,0.3,rollback,510f70c8bfd6d45a217fdf4626cfcf349587d75b8dc965a0d1fcbcf019c36e2b,bbt5-detect-valid,ultralytics-internal,sports_ball,279,301,0.5552096783209115,0.6146179401993356,0.5834053213754384,0.588982192334916,0.27249415202981364,0.3120461112798365,,,,
partial75-c-f03,partial75,c,0.3,rollback,510f70c8bfd6d45a217fdf4626cfcf349587d75b8dc965a0d1fcbcf019c36e2b,bbt5-detect-valid,ultralytics-internal,baseball_bat,480,484,0.7740501527651317,0.6962809917355371,0.7331088782770524,0.7299665666492545,0.5888912988874635,0.5107493626528752,,,,
partial75-b-f10,partial75,b,1.0,rollback,05070ec4e7661de5980d51451c49f39192f01783ac7746b9a9ce038fe7cdb74f,coco2017-val,ultralytics-internal,overall,,,,0.614224550977734,,0.675549270786453,0.5509503486849529,0.5040094609568293,0.3498919960616806,0.5545779159886893,0.6563088290193576,
partial75-b-f10,partial75,b,1.0,rollback,05070ec4e7661de5980d51451c49f39192f01783ac7746b9a9ce038fe7cdb74f,coco2017-val,ultralytics-internal,sports_ball,,,,,,,,0.5115157788920682,,,,
partial75-b-f10,partial75,b,1.0,rollback,05070ec4e7661de5980d51451c49f39192f01783ac7746b9a9ce038fe7cdb74f,coco2017-val,ultralytics-internal,baseball_bat,,,,,,,,0.4633564474837664,,,,
partial75-b-f10,partial75,b,1.0,rollback,05070ec4e7661de5980d51451c49f39192f01783ac7746b9a9ce038fe7cdb74f,coco2017-val,canonical-coco-api,baseball_bat,97,146,,,,0.6959385770505081,0.5009141518741452,0.46475433945188677,0.5005593835209102,0.5072310370856868,0.011380914462590416,0.6724137931034483
partial75-b-f10,partial75,b,1.0,rollback,05070ec4e7661de5980d51451c49f39192f01783ac7746b9a9ce038fe7cdb74f,coco2017-val,canonical-coco-api,overall,5000,36781,,,,0.6835062818845943,0.557044347640247,0.5100364331134398,0.3498919960616806,0.5545779159886893,0.6563088290193576,0.7073443314189195
partial75-b-f10,partial75,b,1.0,rollback,05070ec4e7661de5980d51451c49f39192f01783ac7746b9a9ce038fe7cdb74f,coco2017-val,canonical-coco-api,sports_ball,169,263,,,,0.7076777315505222,0.5660481341811572,0.5161364689514515,0.47577180108904615,0.8357764447910446,0.6394053812160877,0.6253846153846153
partial75-b-f10,partial75,b,1.0,rollback,05070ec4e7661de5980d51451c49f39192f01783ac7746b9a9ce038fe7cdb74f,bbt5-detect-valid,ultralytics-internal,overall,,,0.6966284350771076,0.6312429642239368,0.6623258826904833,,,,,,,
partial75-b-f10,partial75,b,1.0,rollback,05070ec4e7661de5980d51451c49f39192f01783ac7746b9a9ce038fe7cdb74f,bbt5-detect-valid,ultralytics-internal,sports_ball,279,301,0.5901595862708731,0.6013289036544851,0.5956918929459073,0.5847538402582633,0.2765882093980787,0.3126930544177783,,,,
partial75-b-f10,partial75,b,1.0,rollback,05070ec4e7661de5980d51451c49f39192f01783ac7746b9a9ce038fe7cdb74f,bbt5-detect-valid,ultralytics-internal,baseball_bat,480,484,0.8030972838833421,0.6611570247933884,0.7252475306858556,0.7305565546365853,0.5688641853225043,0.4930736294280746,,,,
partial75-c-f10,partial75,c,1.0,rollback,206fca76f09f30d812b4255def123601417a3c545867606f40ac53f815b94364,coco2017-val,ultralytics-internal,overall,,,,0.6183469217330134,,0.6720994326678941,0.5478996611886551,0.5004282490623231,0.3454177213821786,0.5527188646014615,0.6442652450642066,
partial75-c-f10,partial75,c,1.0,rollback,206fca76f09f30d812b4255def123601417a3c545867606f40ac53f815b94364,coco2017-val,ultralytics-internal,sports_ball,,,,,,,,0.5112262747517515,,,,
partial75-c-f10,partial75,c,1.0,rollback,206fca76f09f30d812b4255def123601417a3c545867606f40ac53f815b94364,coco2017-val,ultralytics-internal,baseball_bat,,,,,,,,0.4799520701699846,,,,
partial75-c-f10,partial75,c,1.0,rollback,206fca76f09f30d812b4255def123601417a3c545867606f40ac53f815b94364,coco2017-val,canonical-coco-api,baseball_bat,97,146,,,,0.7041546246216492,0.54650104126584,0.482536908245322,0.508575914235823,0.5224781358607432,0.010198425020686486,0.6813793103448276
partial75-c-f10,partial75,c,1.0,rollback,206fca76f09f30d812b4255def123601417a3c545867606f40ac53f815b94364,coco2017-val,canonical-coco-api,overall,5000,36781,,,,0.6800219599481133,0.553550374882913,0.5063213136627053,0.3454177213821786,0.5527188646014615,0.6442652450642066,0.7086424755250821
partial75-c-f10,partial75,c,1.0,rollback,206fca76f09f30d812b4255def123601417a3c545867606f40ac53f815b94364,coco2017-val,canonical-coco-api,sports_ball,169,263,,,,0.7056830103552044,0.5736951582076507,0.5149659289655599,0.47347347400773615,0.8522993571571593,0.6245874587458745,0.6084615384615384
partial75-c-f10,partial75,c,1.0,rollback,206fca76f09f30d812b4255def123601417a3c545867606f40ac53f815b94364,bbt5-detect-valid,ultralytics-internal,overall,,,0.6746259115713198,0.6339371516432827,0.653648938791937,,,,,,,
partial75-c-f10,partial75,c,1.0,rollback,206fca76f09f30d812b4255def123601417a3c545867606f40ac53f815b94364,bbt5-detect-valid,ultralytics-internal,sports_ball,279,301,0.5593787223750495,0.6046511627906976,0.5811345554522216,0.5742380845374477,0.2751136409634529,0.3062845446941792,,,,
partial75-c-f10,partial75,c,1.0,rollback,206fca76f09f30d812b4255def123601417a3c545867606f40ac53f815b94364,bbt5-detect-valid,ultralytics-internal,baseball_bat,480,484,0.7898731007675902,0.6632231404958677,0.7210287985175646,0.7260720669459725,0.5688533779930656,0.49907737707753136,,,,
