site,head,bin_left,bin_right,count
model.10.m.0.attn,all,-64.0,-63.75,0
model.10.m.0.attn,all,-63.75,-63.5,0
model.10.m.0.attn,all,-63.5,-63.25,0
model.10.m.0.attn,all,-63.25,-63.0,0
model.10.m.0.attn,all,-63.0,-62.75,0
model.10.m.0.attn,all,-62.75,-62.5,0
model.10.m.0.attn,all,-62.5,-62.25,0
model.10.m.0.attn,all,-62.25,-62.0,0
model.10.m.0.attn,all,-62.0,-61.75,0
model.10.m.0.attn,all,-61.75,-61.5,0
model.10.m.0.attn,all,-61.5,-61.25,0
model.10.m.0.attn,all,-61.25,-61.0,0
model.10.m.0.attn,all,-61.0,-60.75,0
model.10.m.0.attn,all,-60.75,-60.5,0
model.10.m.0.attn,all,-60.5,-60.25,0
model.10.m.0.attn,all,-60.25,-60.0,0
model.10.m.0.attn,all,-60.0,-59.75,0
model.10.m.0.attn,all,-59.75,-59.5,0
model.10.m.0.attn,all,-59.5,-59.25,0
model.10.m.0.attn,all,-59.25,-59.0,0
model.10.m.0.attn,all,-59.0,-58.75,0
model.10.m.0.attn,all,-58.75,-58.5,0
model.10.m.0.attn,all,-58.5,-58.25,0
model.10.m.0.attn,all,-58.25,-58.0,0
model.10.m.0.attn,all,-58.0,-57.75,0
model.10.m.0.attn,all,-57.75,-57.5,0
model.10.m.0.attn,all,-57.5,-57.25,0
model.10.m.0.attn,all,-57.25,-57.0,0
model.10.m.0.attn,all,-57.0,-56.75,0
model.10.m.0.attn,all,-56.75,-56.5,0
model.10.m.0.attn,all,-56.5,-56.25,0
model.10.m.0.attn,all,-56.25,-56.0,0
model.10.m.0.attn,all,-56.0,-55.75,0
model.10.m.0.attn,all,-55.75,-55.5,0
model.10.m.0.attn,all,-55.5,-55.25,0
model.10.m.0.attn,all,-55.25,-55.0,0
model.10.m.0.attn,all,-55.0,-54.75,0
model.10.m.0.attn,all,-54.75,-54.5,0
model.10.m.0.attn,all,-54.5,-54.25,0
model.10.m.0.attn,all,-54.25,-54.0,0
model.10.m.0.attn,all,-54.0,-53.75,0
model.10.m.0.attn,all,-53.75,-53.5,0
model.10.m.0.attn,all,-53.5,-53.25,0
model.10.m.0.attn,all,-53.25,-53.0,0
model.10.m.0.attn,all,-53.0,-52.75,0
model.10.m.0.attn,all,-52.75,-52.5,0
model.10.m.0.attn,all,-52.5,-52.25,0
model.10.m.0.attn,all,-52.25,-52.0,0
model.10.m.0.attn,all,-52.0,-51.75,0
model.10.m.0.attn,all,-51.75,-51.5,0
model.10.m.0.attn,all,-51.5,-51.25,0
model.10.m.0.attn,all,-51.25,-51.0,0
model.10.m.0.attn,all,-51.0,-50.75,0
model.10.m.0.attn,all,-50.75,-50.5,0
model.10.m.0.attn,all,-50.5,-50.25,0
model.10.m.0.attn,all,-50.25,-50.0,0
model.10.m.0.attn,all,-50.0,-49.75,0
model.10.m.0.attn,all,-49.75,-49.5,0
model.10.m.0.attn,all,-49.5,-49.25,0
model.10.m.0.attn,all,-49.25,-49.0,0
model.10.m.0.attn,all,-49.0,-48.75,0
model.10.m.0.attn,all,-48.75,-48.5,0
model.10.m.0.attn,all,-48.5,-48.25,0
model.10.m.0.attn,all,-48.25,-48.0,0
model.10.m.0.attn,all,-48.0,-47.75,0
model.10.m.0.attn,all,-47.75,-47.5,0
model.10.m.0.attn,all,-47.5,-47.25,0
model.10.m.0.attn,all,-47.25,-47.0,0
model.10.m.0.attn,all,-47.0,-46.75,0
model.10.m.0.attn,all,-46.75,-46.5,0
model.10.m.0.attn,all,-46.5,-46.25,0
model.10.m.0.attn,all,-46.25,-46.0,0
model.10.m.0.attn,all,-46.0,-45.75,0
model.10.m.0.attn,all,-45.75,-45.5,0
model.10.m.0.attn,all,-45.5,-45.25,0
model.10.m.0.attn,all,-45.25,-45.0,0
model.10.m.0.attn,all,-45.0,-44.75,0
model.10.m.0.attn,all,-44.75,-44.5,0
model.10.m.0.attn,all,-44.5,-44.25,0
model.10.m.0.attn,all,-44.25,-44.0,0
model.10.m.0.attn,all,-44.0,-43.75,0
model.10.m.0.attn,all,-43.75,-43.5,0
model.10.m.0.attn,all,-43.5,-43.25,0
model.10.m.0.attn,all,-43.25,-43.0,0
model.10.m.0.attn,all,-43.0,-42.75,0
model.10.m.0.attn,all,-42.75,-42.5,0
model.10.m.0.attn,all,-42.5,-42.25,0
model.10.m.0.attn,all,-42.25,-42.0,0
model.10.m.0.attn,all,-42.0,-41.75,0
model.10.m.0.attn,all,-41.75,-41.5,0
model.10.m.0.attn,all,-41.5,-41.25,0
model.10.m.0.attn,all,-41.25,-41.0,0
model.10.m.0.attn,all,-41.0,-40.75,0
model.10.m.0.attn,all,-40.75,-40.5,0
model.10.m.0.attn,all,-40.5,-40.25,0
model.10.m.0.attn,all,-40.25,-40.0,0
model.10.m.0.attn,all,-40.0,-39.75,0
model.10.m.0.attn,all,-39.75,-39.5,0
model.10.m.0.attn,all,-39.5,-39.25,0
model.10.m.0.attn,all,-39.25,-39.0,0
model.10.m.0.attn,all,-39.0,-38.75,0
model.10.m.0.attn,all,-38.75,-38.5,0
model.10.m.0.attn,all,-38.5,-38.25,0
model.10.m.0.attn,all,-38.25,-38.0,0
model.10.m.0.attn,all,-38.0,-37.75,0
model.10.m.0.attn,all,-37.75,-37.5,0
model.10.m.0.attn,all,-37.5,-37.25,0
model.10.m.0.attn,all,-37.25,-37.0,0
model.10.m.0.attn,all,-37.0,-36.75,0
model.10.m.0.attn,all,-36.75,-36.5,0
model.10.m.0.attn,all,-36.5,-36.25,0
model.10.m.0.attn,all,-36.25,-36.0,0
model.10.m.0.attn,all,-36.0,-35.75,0
model.10.m.0.attn,all,-35.75,-35.5,0
model.10.m.0.attn,all,-35.5,-35.25,0
model.10.m.0.attn,all,-35.25,-35.0,0
model.10.m.0.attn,all,-35.0,-34.75,0
model.10.m.0.attn,all,-34.75,-34.5,0
model.10.m.0.attn,all,-34.5,-34.25,0
model.10.m.0.attn,all,-34.25,-34.0,0
model.10.m.0.attn,all,-34.0,-33.75,0
model.10.m.0.attn,all,-33.75,-33.5,0
model.10.m.0.attn,all,-33.5,-33.25,0
model.10.m.0.attn,all,-33.25,-33.0,0
model.10.m.0.attn,all,-33.0,-32.75,0
model.10.m.0.attn,all,-32.75,-32.5,0
model.10.m.0.attn,all,-32.5,-32.25,0
model.10.m.0.attn,all,-32.25,-32.0,0
model.10.m.0.attn,all,-32.0,-31.75,0
model.10.m.0.attn,all,-31.75,-31.5,0
model.10.m.0.attn,all,-31.5,-31.25,0
model.10.m.0.attn,all,-31.25,-31.0,0
model.10.m.0.attn,all,-31.0,-30.75,0
model.10.m.0.attn,all,-30.75,-30.5,0
model.10.m.0.attn,all,-30.5,-30.25,0
model.10.m.0.attn,all,-30.25,-30.0,0
model.10.m.0.attn,all,-30.0,-29.75,0
model.10.m.0.attn,all,-29.75,-29.5,0
model.10.m.0.attn,all,-29.5,-29.25,0
model.10.m.0.attn,all,-29.25,-29.0,0
model.10.m.0.attn,all,-29.0,-28.75,0
model.10.m.0.attn,all,-28.75,-28.5,0
model.10.m.0.attn,all,-28.5,-28.25,0
model.10.m.0.attn,all,-28.25,-28.0,0
model.10.m.0.attn,all,-28.0,-27.75,0
model.10.m.0.attn,all,-27.75,-27.5,0
model.10.m.0.attn,all,-27.5,-27.25,0
model.10.m.0.attn,all,-27.25,-27.0,0
model.10.m.0.attn,all,-27.0,-26.75,0
model.10.m.0.attn,all,-26.75,-26.5,0
model.10.m.0.attn,all,-26.5,-26.25,0
model.10.m.0.attn,all,-26.25,-26.0,0
model.10.m.0.attn,all,-26.0,-25.75,0
model.10.m.0.attn,all,-25.75,-25.5,1
model.10.m.0.attn,all,-25.5,-25.25,0
model.10.m.0.attn,all,-25.25,-25.0,4
model.10.m.0.attn,all,-25.0,-24.75,0
model.10.m.0.attn,all,-24.75,-24.5,4
model.10.m.0.attn,all,-24.5,-24.25,5
model.10.m.0.attn,all,-24.25,-24.0,5
model.10.m.0.attn,all,-24.0,-23.75,8
model.10.m.0.attn,all,-23.75,-23.5,25
model.10.m.0.attn,all,-23.5,-23.25,25
model.10.m.0.attn,all,-23.25,-23.0,45
model.10.m.0.attn,all,-23.0,-22.75,65
model.10.m.0.attn,all,-22.75,-22.5,90
model.10.m.0.attn,all,-22.5,-22.25,137
model.10.m.0.attn,all,-22.25,-22.0,230
model.10.m.0.attn,all,-22.0,-21.75,273
model.10.m.0.attn,all,-21.75,-21.5,410
model.10.m.0.attn,all,-21.5,-21.25,621
model.10.m.0.attn,all,-21.25,-21.0,911
model.10.m.0.attn,all,-21.0,-20.75,1209
model.10.m.0.attn,all,-20.75,-20.5,1896
model.10.m.0.attn,all,-20.5,-20.25,2350
model.10.m.0.attn,all,-20.25,-20.0,3452
model.10.m.0.attn,all,-20.0,-19.75,4530
model.10.m.0.attn,all,-19.75,-19.5,6152
model.10.m.0.attn,all,-19.5,-19.25,8105
model.10.m.0.attn,all,-19.25,-19.0,11131
model.10.m.0.attn,all,-19.0,-18.75,14342
model.10.m.0.attn,all,-18.75,-18.5,19136
model.10.m.0.attn,all,-18.5,-18.25,24190
model.10.m.0.attn,all,-18.25,-18.0,32137
model.10.m.0.attn,all,-18.0,-17.75,41045
model.10.m.0.attn,all,-17.75,-17.5,53172
model.10.m.0.attn,all,-17.5,-17.25,67343
model.10.m.0.attn,all,-17.25,-17.0,85415
model.10.m.0.attn,all,-17.0,-16.75,109190
model.10.m.0.attn,all,-16.75,-16.5,136647
model.10.m.0.attn,all,-16.5,-16.25,172839
model.10.m.0.attn,all,-16.25,-16.0,214844
model.10.m.0.attn,all,-16.0,-15.75,270167
model.10.m.0.attn,all,-15.75,-15.5,332060
model.10.m.0.attn,all,-15.5,-15.25,416551
model.10.m.0.attn,all,-15.25,-15.0,506840
model.10.m.0.attn,all,-15.0,-14.75,634212
model.10.m.0.attn,all,-14.75,-14.5,765324
model.10.m.0.attn,all,-14.5,-14.25,949990
model.10.m.0.attn,all,-14.25,-14.0,1137046
model.10.m.0.attn,all,-14.0,-13.75,1404622
model.10.m.0.attn,all,-13.75,-13.5,1663071
model.10.m.0.attn,all,-13.5,-13.25,2038184
model.10.m.0.attn,all,-13.25,-13.0,2393710
model.10.m.0.attn,all,-13.0,-12.75,2909623
model.10.m.0.attn,all,-12.75,-12.5,3380928
model.10.m.0.attn,all,-12.5,-12.25,4070468
model.10.m.0.attn,all,-12.25,-12.0,4694075
model.10.m.0.attn,all,-12.0,-11.75,5588537
model.10.m.0.attn,all,-11.75,-11.5,6394300
model.10.m.0.attn,all,-11.5,-11.25,7534049
model.10.m.0.attn,all,-11.25,-11.0,8554181
model.10.m.0.attn,all,-11.0,-10.75,9975871
model.10.m.0.attn,all,-10.75,-10.5,11238244
model.10.m.0.attn,all,-10.5,-10.25,12989517
model.10.m.0.attn,all,-10.25,-10.0,14539568
model.10.m.0.attn,all,-10.0,-9.75,16640765
model.10.m.0.attn,all,-9.75,-9.5,18514922
model.10.m.0.attn,all,-9.5,-9.25,21005336
model.10.m.0.attn,all,-9.25,-9.0,23268405
model.10.m.0.attn,all,-9.0,-8.75,26176292
model.10.m.0.attn,all,-8.75,-8.5,28832949
model.10.m.0.attn,all,-8.5,-8.25,32213751
model.10.m.0.attn,all,-8.25,-8.0,35273535
model.10.m.0.attn,all,-8.0,-7.75,39089986
model.10.m.0.attn,all,-7.75,-7.5,42568353
model.10.m.0.attn,all,-7.5,-7.25,46774582
model.10.m.0.attn,all,-7.25,-7.0,50560449
model.10.m.0.attn,all,-7.0,-6.75,55037644
model.10.m.0.attn,all,-6.75,-6.5,58973731
model.10.m.0.attn,all,-6.5,-6.25,63532849
model.10.m.0.attn,all,-6.25,-6.0,67406743
model.10.m.0.attn,all,-6.0,-5.75,71709151
model.10.m.0.attn,all,-5.75,-5.5,75142904
model.10.m.0.attn,all,-5.5,-5.25,78778691
model.10.m.0.attn,all,-5.25,-5.0,81313719
model.10.m.0.attn,all,-5.0,-4.75,83773002
model.10.m.0.attn,all,-4.75,-4.5,84919568
model.10.m.0.attn,all,-4.5,-4.25,85740001
model.10.m.0.attn,all,-4.25,-4.0,85021724
model.10.m.0.attn,all,-4.0,-3.75,83713309
model.10.m.0.attn,all,-3.75,-3.5,80873380
model.10.m.0.attn,all,-3.5,-3.25,77314329
model.10.m.0.attn,all,-3.25,-3.0,72384486
model.10.m.0.attn,all,-3.0,-2.75,66780304
model.10.m.0.attn,all,-2.75,-2.5,60240203
model.10.m.0.attn,all,-2.5,-2.25,53196728
model.10.m.0.attn,all,-2.25,-2.0,45925161
model.10.m.0.attn,all,-2.0,-1.75,38492249
model.10.m.0.attn,all,-1.75,-1.5,31526407
model.10.m.0.attn,all,-1.5,-1.25,24838444
model.10.m.0.attn,all,-1.25,-1.0,19116026
model.10.m.0.attn,all,-1.0,-0.75,14003160
model.10.m.0.attn,all,-0.75,-0.5,9997275
model.10.m.0.attn,all,-0.5,-0.25,6741408
model.10.m.0.attn,all,-0.25,0.0,10817201
model.10.m.0.attn,0,-64.0,-63.75,0
model.10.m.0.attn,0,-63.75,-63.5,0
model.10.m.0.attn,0,-63.5,-63.25,0
model.10.m.0.attn,0,-63.25,-63.0,0
model.10.m.0.attn,0,-63.0,-62.75,0
model.10.m.0.attn,0,-62.75,-62.5,0
model.10.m.0.attn,0,-62.5,-62.25,0
model.10.m.0.attn,0,-62.25,-62.0,0
model.10.m.0.attn,0,-62.0,-61.75,0
model.10.m.0.attn,0,-61.75,-61.5,0
model.10.m.0.attn,0,-61.5,-61.25,0
model.10.m.0.attn,0,-61.25,-61.0,0
model.10.m.0.attn,0,-61.0,-60.75,0
model.10.m.0.attn,0,-60.75,-60.5,0
model.10.m.0.attn,0,-60.5,-60.25,0
model.10.m.0.attn,0,-60.25,-60.0,0
model.10.m.0.attn,0,-60.0,-59.75,0
model.10.m.0.attn,0,-59.75,-59.5,0
model.10.m.0.attn,0,-59.5,-59.25,0
model.10.m.0.attn,0,-59.25,-59.0,0
model.10.m.0.attn,0,-59.0,-58.75,0
model.10.m.0.attn,0,-58.75,-58.5,0
model.10.m.0.attn,0,-58.5,-58.25,0
model.10.m.0.attn,0,-58.25,-58.0,0
model.10.m.0.attn,0,-58.0,-57.75,0
model.10.m.0.attn,0,-57.75,-57.5,0
model.10.m.0.attn,0,-57.5,-57.25,0
model.10.m.0.attn,0,-57.25,-57.0,0
model.10.m.0.attn,0,-57.0,-56.75,0
model.10.m.0.attn,0,-56.75,-56.5,0
model.10.m.0.attn,0,-56.5,-56.25,0
model.10.m.0.attn,0,-56.25,-56.0,0
model.10.m.0.attn,0,-56.0,-55.75,0
model.10.m.0.attn,0,-55.75,-55.5,0
model.10.m.0.attn,0,-55.5,-55.25,0
model.10.m.0.attn,0,-55.25,-55.0,0
model.10.m.0.attn,0,-55.0,-54.75,0
model.10.m.0.attn,0,-54.75,-54.5,0
model.10.m.0.attn,0,-54.5,-54.25,0
model.10.m.0.attn,0,-54.25,-54.0,0
model.10.m.0.attn,0,-54.0,-53.75,0
model.10.m.0.attn,0,-53.75,-53.5,0
model.10.m.0.attn,0,-53.5,-53.25,0
model.10.m.0.attn,0,-53.25,-53.0,0
model.10.m.0.attn,0,-53.0,-52.75,0
model.10.m.0.attn,0,-52.75,-52.5,0
model.10.m.0.attn,0,-52.5,-52.25,0
model.10.m.0.attn,0,-52.25,-52.0,0
model.10.m.0.attn,0,-52.0,-51.75,0
model.10.m.0.attn,0,-51.75,-51.5,0
model.10.m.0.attn,0,-51.5,-51.25,0
model.10.m.0.attn,0,-51.25,-51.0,0
model.10.m.0.attn,0,-51.0,-50.75,0
model.10.m.0.attn,0,-50.75,-50.5,0
model.10.m.0.attn,0,-50.5,-50.25,0
model.10.m.0.attn,0,-50.25,-50.0,0
model.10.m.0.attn,0,-50.0,-49.75,0
model.10.m.0.attn,0,-49.75,-49.5,0
model.10.m.0.attn,0,-49.5,-49.25,0
model.10.m.0.attn,0,-49.25,-49.0,0
model.10.m.0.attn,0,-49.0,-48.75,0
model.10.m.0.attn,0,-48.75,-48.5,0
model.10.m.0.attn,0,-48.5,-48.25,0
model.10.m.0.attn,0,-48.25,-48.0,0
model.10.m.0.attn,0,-48.0,-47.75,0
model.10.m.0.attn,0,-47.75,-47.5,0
model.10.m.0.attn,0,-47.5,-47.25,0
model.10.m.0.attn,0,-47.25,-47.0,0
model.10.m.0.attn,0,-47.0,-46.75,0
model.10.m.0.attn,0,-46.75,-46.5,0
model.10.m.0.attn,0,-46.5,-46.25,0
model.10.m.0.attn,0,-46.25,-46.0,0
model.10.m.0.attn,0,-46.0,-45.75,0
model.10.m.0.attn,0,-45.75,-45.5,0
model.10.m.0.attn,0,-45.5,-45.25,0
model.10.m.0.attn,0,-45.25,-45.0,0
model.10.m.0.attn,0,-45.0,-44.75,0
model.10.m.0.attn,0,-44.75,-44.5,0
model.10.m.0.attn,0,-44.5,-44.25,0
model.10.m.0.attn,0,-44.25,-44.0,0
model.10.m.0.attn,0,-44.0,-43.75,0
model.10.m.0.attn,0,-43.75,-43.5,0
model.10.m.0.attn,0,-43.5,-43.25,0
model.10.m.0.attn,0,-43.25,-43.0,0
model.10.m.0.attn,0,-43.0,-42.75,0
model.10.m.0.attn,0,-42.75,-42.5,0
model.10.m.0.attn,0,-42.5,-42.25,0
model.10.m.0.attn,0,-42.25,-42.0,0
model.10.m.0.attn,0,-42.0,-41.75,0
model.10.m.0.attn,0,-41.75,-41.5,0
model.10.m.0.attn,0,-41.5,-41.25,0
model.10.m.0.attn,0,-41.25,-41.0,0
model.10.m.0.attn,0,-41.0,-40.75,0
model.10.m.0.attn,0,-40.75,-40.5,0
model.10.m.0.attn,0,-40.5,-40.25,0
model.10.m.0.attn,0,-40.25,-40.0,0
model.10.m.0.attn,0,-40.0,-39.75,0
model.10.m.0.attn,0,-39.75,-39.5,0
model.10.m.0.attn,0,-39.5,-39.25,0
model.10.m.0.attn,0,-39.25,-39.0,0
model.10.m.0.attn,0,-39.0,-38.75,0
model.10.m.0.attn,0,-38.75,-38.5,0
model.10.m.0.attn,0,-38.5,-38.25,0
model.10.m.0.attn,0,-38.25,-38.0,0
model.10.m.0.attn,0,-38.0,-37.75,0
model.10.m.0.attn,0,-37.75,-37.5,0
model.10.m.0.attn,0,-37.5,-37.25,0
model.10.m.0.attn,0,-37.25,-37.0,0
model.10.m.0.attn,0,-37.0,-36.75,0
model.10.m.0.attn,0,-36.75,-36.5,0
model.10.m.0.attn,0,-36.5,-36.25,0
model.10.m.0.attn,0,-36.25,-36.0,0
model.10.m.0.attn,0,-36.0,-35.75,0
model.10.m.0.attn,0,-35.75,-35.5,0
model.10.m.0.attn,0,-35.5,-35.25,0
model.10.m.0.attn,0,-35.25,-35.0,0
model.10.m.0.attn,0,-35.0,-34.75,0
model.10.m.0.attn,0,-34.75,-34.5,0
model.10.m.0.attn,0,-34.5,-34.25,0
model.10.m.0.attn,0,-34.25,-34.0,0
model.10.m.0.attn,0,-34.0,-33.75,0
model.10.m.0.attn,0,-33.75,-33.5,0
model.10.m.0.attn,0,-33.5,-33.25,0
model.10.m.0.attn,0,-33.25,-33.0,0
model.10.m.0.attn,0,-33.0,-32.75,0
model.10.m.0.attn,0,-32.75,-32.5,0
model.10.m.0.attn,0,-32.5,-32.25,0
model.10.m.0.attn,0,-32.25,-32.0,0
model.10.m.0.attn,0,-32.0,-31.75,0
model.10.m.0.attn,0,-31.75,-31.5,0
model.10.m.0.attn,0,-31.5,-31.25,0
model.10.m.0.attn,0,-31.25,-31.0,0
model.10.m.0.attn,0,-31.0,-30.75,0
model.10.m.0.attn,0,-30.75,-30.5,0
model.10.m.0.attn,0,-30.5,-30.25,0
model.10.m.0.attn,0,-30.25,-30.0,0
model.10.m.0.attn,0,-30.0,-29.75,0
model.10.m.0.attn,0,-29.75,-29.5,0
model.10.m.0.attn,0,-29.5,-29.25,0
model.10.m.0.attn,0,-29.25,-29.0,0
model.10.m.0.attn,0,-29.0,-28.75,0
model.10.m.0.attn,0,-28.75,-28.5,0
model.10.m.0.attn,0,-28.5,-28.25,0
model.10.m.0.attn,0,-28.25,-28.0,0
model.10.m.0.attn,0,-28.0,-27.75,0
model.10.m.0.attn,0,-27.75,-27.5,0
model.10.m.0.attn,0,-27.5,-27.25,0
model.10.m.0.attn,0,-27.25,-27.0,0
model.10.m.0.attn,0,-27.0,-26.75,0
model.10.m.0.attn,0,-26.75,-26.5,0
model.10.m.0.attn,0,-26.5,-26.25,0
model.10.m.0.attn,0,-26.25,-26.0,0
model.10.m.0.attn,0,-26.0,-25.75,0
model.10.m.0.attn,0,-25.75,-25.5,0
model.10.m.0.attn,0,-25.5,-25.25,0
model.10.m.0.attn,0,-25.25,-25.0,0
model.10.m.0.attn,0,-25.0,-24.75,0
model.10.m.0.attn,0,-24.75,-24.5,1
model.10.m.0.attn,0,-24.5,-24.25,0
model.10.m.0.attn,0,-24.25,-24.0,0
model.10.m.0.attn,0,-24.0,-23.75,0
model.10.m.0.attn,0,-23.75,-23.5,1
model.10.m.0.attn,0,-23.5,-23.25,0
model.10.m.0.attn,0,-23.25,-23.0,0
model.10.m.0.attn,0,-23.0,-22.75,1
model.10.m.0.attn,0,-22.75,-22.5,3
model.10.m.0.attn,0,-22.5,-22.25,5
model.10.m.0.attn,0,-22.25,-22.0,6
model.10.m.0.attn,0,-22.0,-21.75,10
model.10.m.0.attn,0,-21.75,-21.5,17
model.10.m.0.attn,0,-21.5,-21.25,25
model.10.m.0.attn,0,-21.25,-21.0,16
model.10.m.0.attn,0,-21.0,-20.75,30
model.10.m.0.attn,0,-20.75,-20.5,56
model.10.m.0.attn,0,-20.5,-20.25,81
model.10.m.0.attn,0,-20.25,-20.0,92
model.10.m.0.attn,0,-20.0,-19.75,145
model.10.m.0.attn,0,-19.75,-19.5,177
model.10.m.0.attn,0,-19.5,-19.25,278
model.10.m.0.attn,0,-19.25,-19.0,310
model.10.m.0.attn,0,-19.0,-18.75,551
model.10.m.0.attn,0,-18.75,-18.5,547
model.10.m.0.attn,0,-18.5,-18.25,836
model.10.m.0.attn,0,-18.25,-18.0,956
model.10.m.0.attn,0,-18.0,-17.75,1376
model.10.m.0.attn,0,-17.75,-17.5,1608
model.10.m.0.attn,0,-17.5,-17.25,2441
model.10.m.0.attn,0,-17.25,-17.0,2791
model.10.m.0.attn,0,-17.0,-16.75,4221
model.10.m.0.attn,0,-16.75,-16.5,5007
model.10.m.0.attn,0,-16.5,-16.25,7009
model.10.m.0.attn,0,-16.25,-16.0,8552
model.10.m.0.attn,0,-16.0,-15.75,11407
model.10.m.0.attn,0,-15.75,-15.5,14232
model.10.m.0.attn,0,-15.5,-15.25,19048
model.10.m.0.attn,0,-15.25,-15.0,23341
model.10.m.0.attn,0,-15.0,-14.75,31050
model.10.m.0.attn,0,-14.75,-14.5,37530
model.10.m.0.attn,0,-14.5,-14.25,48228
model.10.m.0.attn,0,-14.25,-14.0,58620
model.10.m.0.attn,0,-14.0,-13.75,74209
model.10.m.0.attn,0,-13.75,-13.5,87826
model.10.m.0.attn,0,-13.5,-13.25,109661
model.10.m.0.attn,0,-13.25,-13.0,129368
model.10.m.0.attn,0,-13.0,-12.75,158407
model.10.m.0.attn,0,-12.75,-12.5,184856
model.10.m.0.attn,0,-12.5,-12.25,223666
model.10.m.0.attn,0,-12.25,-12.0,259009
model.10.m.0.attn,0,-12.0,-11.75,310079
model.10.m.0.attn,0,-11.75,-11.5,359641
model.10.m.0.attn,0,-11.5,-11.25,426036
model.10.m.0.attn,0,-11.25,-11.0,498469
model.10.m.0.attn,0,-11.0,-10.75,588948
model.10.m.0.attn,0,-10.75,-10.5,692225
model.10.m.0.attn,0,-10.5,-10.25,820780
model.10.m.0.attn,0,-10.25,-10.0,978159
model.10.m.0.attn,0,-10.0,-9.75,1162085
model.10.m.0.attn,0,-9.75,-9.5,1395838
model.10.m.0.attn,0,-9.5,-9.25,1657629
model.10.m.0.attn,0,-9.25,-9.0,2001453
model.10.m.0.attn,0,-9.0,-8.75,2379662
model.10.m.0.attn,0,-8.75,-8.5,2865229
model.10.m.0.attn,0,-8.5,-8.25,3398168
model.10.m.0.attn,0,-8.25,-8.0,4068437
model.10.m.0.attn,0,-8.0,-7.75,4807101
model.10.m.0.attn,0,-7.75,-7.5,5716948
model.10.m.0.attn,0,-7.5,-7.25,6706516
model.10.m.0.attn,0,-7.25,-7.0,7899046
model.10.m.0.attn,0,-7.0,-6.75,9191218
model.10.m.0.attn,0,-6.75,-6.5,10696718
model.10.m.0.attn,0,-6.5,-6.25,12294949
model.10.m.0.attn,0,-6.25,-6.0,14099827
model.10.m.0.attn,0,-6.0,-5.75,15948014
model.10.m.0.attn,0,-5.75,-5.5,17936084
model.10.m.0.attn,0,-5.5,-5.25,19882290
model.10.m.0.attn,0,-5.25,-5.0,21839962
model.10.m.0.attn,0,-5.0,-4.75,23606136
model.10.m.0.attn,0,-4.75,-4.5,25243427
model.10.m.0.attn,0,-4.5,-4.25,26487533
model.10.m.0.attn,0,-4.25,-4.0,27445085
model.10.m.0.attn,0,-4.0,-3.75,27796606
model.10.m.0.attn,0,-3.75,-3.5,27760327
model.10.m.0.attn,0,-3.5,-3.25,26996770
model.10.m.0.attn,0,-3.25,-3.0,25872428
model.10.m.0.attn,0,-3.0,-2.75,24003471
model.10.m.0.attn,0,-2.75,-2.5,21966389
model.10.m.0.attn,0,-2.5,-2.25,19282643
model.10.m.0.attn,0,-2.25,-2.0,16738863
model.10.m.0.attn,0,-2.0,-1.75,13793119
model.10.m.0.attn,0,-1.75,-1.5,11278740
model.10.m.0.attn,0,-1.5,-1.25,8621060
model.10.m.0.attn,0,-1.25,-1.0,6566348
model.10.m.0.attn,0,-1.0,-0.75,4613715
model.10.m.0.attn,0,-0.75,-0.5,3229657
model.10.m.0.attn,0,-0.5,-0.25,2066722
model.10.m.0.attn,0,-0.25,0.0,2907404
model.10.m.0.attn,1,-64.0,-63.75,0
model.10.m.0.attn,1,-63.75,-63.5,0
model.10.m.0.attn,1,-63.5,-63.25,0
model.10.m.0.attn,1,-63.25,-63.0,0
model.10.m.0.attn,1,-63.0,-62.75,0
model.10.m.0.attn,1,-62.75,-62.5,0
model.10.m.0.attn,1,-62.5,-62.25,0
model.10.m.0.attn,1,-62.25,-62.0,0
model.10.m.0.attn,1,-62.0,-61.75,0
model.10.m.0.attn,1,-61.75,-61.5,0
model.10.m.0.attn,1,-61.5,-61.25,0
model.10.m.0.attn,1,-61.25,-61.0,0
model.10.m.0.attn,1,-61.0,-60.75,0
model.10.m.0.attn,1,-60.75,-60.5,0
model.10.m.0.attn,1,-60.5,-60.25,0
model.10.m.0.attn,1,-60.25,-60.0,0
model.10.m.0.attn,1,-60.0,-59.75,0
model.10.m.0.attn,1,-59.75,-59.5,0
model.10.m.0.attn,1,-59.5,-59.25,0
model.10.m.0.attn,1,-59.25,-59.0,0
model.10.m.0.attn,1,-59.0,-58.75,0
model.10.m.0.attn,1,-58.75,-58.5,0
model.10.m.0.attn,1,-58.5,-58.25,0
model.10.m.0.attn,1,-58.25,-58.0,0
model.10.m.0.attn,1,-58.0,-57.75,0
model.10.m.0.attn,1,-57.75,-57.5,0
model.10.m.0.attn,1,-57.5,-57.25,0
model.10.m.0.attn,1,-57.25,-57.0,0
model.10.m.0.attn,1,-57.0,-56.75,0
model.10.m.0.attn,1,-56.75,-56.5,0
model.10.m.0.attn,1,-56.5,-56.25,0
model.10.m.0.attn,1,-56.25,-56.0,0
model.10.m.0.attn,1,-56.0,-55.75,0
model.10.m.0.attn,1,-55.75,-55.5,0
model.10.m.0.attn,1,-55.5,-55.25,0
model.10.m.0.attn,1,-55.25,-55.0,0
model.10.m.0.attn,1,-55.0,-54.75,0
model.10.m.0.attn,1,-54.75,-54.5,0
model.10.m.0.attn,1,-54.5,-54.25,0
model.10.m.0.attn,1,-54.25,-54.0,0
model.10.m.0.attn,1,-54.0,-53.75,0
model.10.m.0.attn,1,-53.75,-53.5,0
model.10.m.0.attn,1,-53.5,-53.25,0
model.10.m.0.attn,1,-53.25,-53.0,0
model.10.m.0.attn,1,-53.0,-52.75,0
model.10.m.0.attn,1,-52.75,-52.5,0
model.10.m.0.attn,1,-52.5,-52.25,0
model.10.m.0.attn,1,-52.25,-52.0,0
model.10.m.0.attn,1,-52.0,-51.75,0
model.10.m.0.attn,1,-51.75,-51.5,0
model.10.m.0.attn,1,-51.5,-51.25,0
model.10.m.0.attn,1,-51.25,-51.0,0
model.10.m.0.attn,1,-51.0,-50.75,0
model.10.m.0.attn,1,-50.75,-50.5,0
model.10.m.0.attn,1,-50.5,-50.25,0
model.10.m.0.attn,1,-50.25,-50.0,0
model.10.m.0.attn,1,-50.0,-49.75,0
model.10.m.0.attn,1,-49.75,-49.5,0
model.10.m.0.attn,1,-49.5,-49.25,0
model.10.m.0.attn,1,-49.25,-49.0,0
model.10.m.0.attn,1,-49.0,-48.75,0
model.10.m.0.attn,1,-48.75,-48.5,0
model.10.m.0.attn,1,-48.5,-48.25,0
model.10.m.0.attn,1,-48.25,-48.0,0
model.10.m.0.attn,1,-48.0,-47.75,0
model.10.m.0.attn,1,-47.75,-47.5,0
model.10.m.0.attn,1,-47.5,-47.25,0
model.10.m.0.attn,1,-47.25,-47.0,0
model.10.m.0.attn,1,-47.0,-46.75,0
model.10.m.0.attn,1,-46.75,-46.5,0
model.10.m.0.attn,1,-46.5,-46.25,0
model.10.m.0.attn,1,-46.25,-46.0,0
model.10.m.0.attn,1,-46.0,-45.75,0
model.10.m.0.attn,1,-45.75,-45.5,0
model.10.m.0.attn,1,-45.5,-45.25,0
model.10.m.0.attn,1,-45.25,-45.0,0
model.10.m.0.attn,1,-45.0,-44.75,0
model.10.m.0.attn,1,-44.75,-44.5,0
model.10.m.0.attn,1,-44.5,-44.25,0
model.10.m.0.attn,1,-44.25,-44.0,0
model.10.m.0.attn,1,-44.0,-43.75,0
model.10.m.0.attn,1,-43.75,-43.5,0
model.10.m.0.attn,1,-43.5,-43.25,0
model.10.m.0.attn,1,-43.25,-43.0,0
model.10.m.0.attn,1,-43.0,-42.75,0
model.10.m.0.attn,1,-42.75,-42.5,0
model.10.m.0.attn,1,-42.5,-42.25,0
model.10.m.0.attn,1,-42.25,-42.0,0
model.10.m.0.attn,1,-42.0,-41.75,0
model.10.m.0.attn,1,-41.75,-41.5,0
model.10.m.0.attn,1,-41.5,-41.25,0
model.10.m.0.attn,1,-41.25,-41.0,0
model.10.m.0.attn,1,-41.0,-40.75,0
model.10.m.0.attn,1,-40.75,-40.5,0
model.10.m.0.attn,1,-40.5,-40.25,0
model.10.m.0.attn,1,-40.25,-40.0,0
model.10.m.0.attn,1,-40.0,-39.75,0
model.10.m.0.attn,1,-39.75,-39.5,0
model.10.m.0.attn,1,-39.5,-39.25,0
model.10.m.0.attn,1,-39.25,-39.0,0
model.10.m.0.attn,1,-39.0,-38.75,0
model.10.m.0.attn,1,-38.75,-38.5,0
model.10.m.0.attn,1,-38.5,-38.25,0
model.10.m.0.attn,1,-38.25,-38.0,0
model.10.m.0.attn,1,-38.0,-37.75,0
model.10.m.0.attn,1,-37.75,-37.5,0
model.10.m.0.attn,1,-37.5,-37.25,0
model.10.m.0.attn,1,-37.25,-37.0,0
model.10.m.0.attn,1,-37.0,-36.75,0
model.10.m.0.attn,1,-36.75,-36.5,0
model.10.m.0.attn,1,-36.5,-36.25,0
model.10.m.0.attn,1,-36.25,-36.0,0
model.10.m.0.attn,1,-36.0,-35.75,0
model.10.m.0.attn,1,-35.75,-35.5,0
model.10.m.0.attn,1,-35.5,-35.25,0
model.10.m.0.attn,1,-35.25,-35.0,0
model.10.m.0.attn,1,-35.0,-34.75,0
model.10.m.0.attn,1,-34.75,-34.5,0
model.10.m.0.attn,1,-34.5,-34.25,0
model.10.m.0.attn,1,-34.25,-34.0,0
model.10.m.0.attn,1,-34.0,-33.75,0
model.10.m.0.attn,1,-33.75,-33.5,0
model.10.m.0.attn,1,-33.5,-33.25,0
model.10.m.0.attn,1,-33.25,-33.0,0
model.10.m.0.attn,1,-33.0,-32.75,0
model.10.m.0.attn,1,-32.75,-32.5,0
model.10.m.0.attn,1,-32.5,-32.25,0
model.10.m.0.attn,1,-32.25,-32.0,0
model.10.m.0.attn,1,-32.0,-31.75,0
model.10.m.0.attn,1,-31.75,-31.5,0
model.10.m.0.attn,1,-31.5,-31.25,0
model.10.m.0.attn,1,-31.25,-31.0,0
model.10.m.0.attn,1,-31.0,-30.75,0
model.10.m.0.attn,1,-30.75,-30.5,0
model.10.m.0.attn,1,-30.5,-30.25,0
model.10.m.0.attn,1,-30.25,-30.0,0
model.10.m.0.attn,1,-30.0,-29.75,0
model.10.m.0.attn,1,-29.75,-29.5,0
model.10.m.0.attn,1,-29.5,-29.25,0
model.10.m.0.attn,1,-29.25,-29.0,0
model.10.m.0.attn,1,-29.0,-28.75,0
model.10.m.0.attn,1,-28.75,-28.5,0
model.10.m.0.attn,1,-28.5,-28.25,0
model.10.m.0.attn,1,-28.25,-28.0,0
model.10.m.0.attn,1,-28.0,-27.75,0
model.10.m.0.attn,1,-27.75,-27.5,0
model.10.m.0.attn,1,-27.5,-27.25,0
model.10.m.0.attn,1,-27.25,-27.0,0
model.10.m.0.attn,1,-27.0,-26.75,0
model.10.m.0.attn,1,-26.75,-26.5,0
model.10.m.0.attn,1,-26.5,-26.25,0
model.10.m.0.attn,1,-26.25,-26.0,0
model.10.m.0.attn,1,-26.0,-25.75,0
model.10.m.0.attn,1,-25.75,-25.5,0
model.10.m.0.attn,1,-25.5,-25.25,0
model.10.m.0.attn,1,-25.25,-25.0,0
model.10.m.0.attn,1,-25.0,-24.75,0
model.10.m.0.attn,1,-24.75,-24.5,0
model.10.m.0.attn,1,-24.5,-24.25,0
model.10.m.0.attn,1,-24.25,-24.0,0
model.10.m.0.attn,1,-24.0,-23.75,0
model.10.m.0.attn,1,-23.75,-23.5,0
model.10.m.0.attn,1,-23.5,-23.25,0
model.10.m.0.attn,1,-23.25,-23.0,0
model.10.m.0.attn,1,-23.0,-22.75,0
model.10.m.0.attn,1,-22.75,-22.5,0
model.10.m.0.attn,1,-22.5,-22.25,0
model.10.m.0.attn,1,-22.25,-22.0,0
model.10.m.0.attn,1,-22.0,-21.75,0
model.10.m.0.attn,1,-21.75,-21.5,1
model.10.m.0.attn,1,-21.5,-21.25,2
model.10.m.0.attn,1,-21.25,-21.0,1
model.10.m.0.attn,1,-21.0,-20.75,1
model.10.m.0.attn,1,-20.75,-20.5,0
model.10.m.0.attn,1,-20.5,-20.25,3
model.10.m.0.attn,1,-20.25,-20.0,9
model.10.m.0.attn,1,-20.0,-19.75,8
model.10.m.0.attn,1,-19.75,-19.5,19
model.10.m.0.attn,1,-19.5,-19.25,20
model.10.m.0.attn,1,-19.25,-19.0,40
model.10.m.0.attn,1,-19.0,-18.75,57
model.10.m.0.attn,1,-18.75,-18.5,82
model.10.m.0.attn,1,-18.5,-18.25,115
model.10.m.0.attn,1,-18.25,-18.0,167
model.10.m.0.attn,1,-18.0,-17.75,256
model.10.m.0.attn,1,-17.75,-17.5,346
model.10.m.0.attn,1,-17.5,-17.25,521
model.10.m.0.attn,1,-17.25,-17.0,739
model.10.m.0.attn,1,-17.0,-16.75,1011
model.10.m.0.attn,1,-16.75,-16.5,1364
model.10.m.0.attn,1,-16.5,-16.25,1922
model.10.m.0.attn,1,-16.25,-16.0,2672
model.10.m.0.attn,1,-16.0,-15.75,3723
model.10.m.0.attn,1,-15.75,-15.5,5073
model.10.m.0.attn,1,-15.5,-15.25,6956
model.10.m.0.attn,1,-15.25,-15.0,9218
model.10.m.0.attn,1,-15.0,-14.75,12770
model.10.m.0.attn,1,-14.75,-14.5,17052
model.10.m.0.attn,1,-14.5,-14.25,23358
model.10.m.0.attn,1,-14.25,-14.0,30609
model.10.m.0.attn,1,-14.0,-13.75,41159
model.10.m.0.attn,1,-13.75,-13.5,53631
model.10.m.0.attn,1,-13.5,-13.25,71120
model.10.m.0.attn,1,-13.25,-13.0,91545
model.10.m.0.attn,1,-13.0,-12.75,118297
model.10.m.0.attn,1,-12.75,-12.5,151932
model.10.m.0.attn,1,-12.5,-12.25,194528
model.10.m.0.attn,1,-12.25,-12.0,245687
model.10.m.0.attn,1,-12.0,-11.75,309404
model.10.m.0.attn,1,-11.75,-11.5,386682
model.10.m.0.attn,1,-11.5,-11.25,484639
model.10.m.0.attn,1,-11.25,-11.0,599010
model.10.m.0.attn,1,-11.0,-10.75,744400
model.10.m.0.attn,1,-10.75,-10.5,905762
model.10.m.0.attn,1,-10.5,-10.25,1118959
model.10.m.0.attn,1,-10.25,-10.0,1350629
model.10.m.0.attn,1,-10.0,-9.75,1650705
model.10.m.0.attn,1,-9.75,-9.5,1978508
model.10.m.0.attn,1,-9.5,-9.25,2391826
model.10.m.0.attn,1,-9.25,-9.0,2843915
model.10.m.0.attn,1,-9.0,-8.75,3410582
model.10.m.0.attn,1,-8.75,-8.5,4017323
model.10.m.0.attn,1,-8.5,-8.25,4771007
model.10.m.0.attn,1,-8.25,-8.0,5545262
model.10.m.0.attn,1,-8.0,-7.75,6520072
model.10.m.0.attn,1,-7.75,-7.5,7496271
model.10.m.0.attn,1,-7.5,-7.25,8683649
model.10.m.0.attn,1,-7.25,-7.0,9866023
model.10.m.0.attn,1,-7.0,-6.75,11248275
model.10.m.0.attn,1,-6.75,-6.5,12581022
model.10.m.0.attn,1,-6.5,-6.25,14125541
model.10.m.0.attn,1,-6.25,-6.0,15568083
model.10.m.0.attn,1,-6.0,-5.75,17150292
model.10.m.0.attn,1,-5.75,-5.5,18594008
model.10.m.0.attn,1,-5.5,-5.25,20104642
model.10.m.0.attn,1,-5.25,-5.0,21369506
model.10.m.0.attn,1,-5.0,-4.75,22639968
model.10.m.0.attn,1,-4.75,-4.5,23566229
model.10.m.0.attn,1,-4.5,-4.25,24401450
model.10.m.0.attn,1,-4.25,-4.0,24800427
model.10.m.0.attn,1,-4.0,-3.75,25002426
model.10.m.0.attn,1,-3.75,-3.5,24724193
model.10.m.0.attn,1,-3.5,-3.25,24173878
model.10.m.0.attn,1,-3.25,-3.0,23128098
model.10.m.0.attn,1,-3.0,-2.75,21785900
model.10.m.0.attn,1,-2.75,-2.5,20036443
model.10.m.0.attn,1,-2.5,-2.25,18018283
model.10.m.0.attn,1,-2.25,-2.0,15782893
model.10.m.0.attn,1,-2.0,-1.75,13403894
model.10.m.0.attn,1,-1.75,-1.5,11058024
model.10.m.0.attn,1,-1.5,-1.25,8766657
model.10.m.0.attn,1,-1.25,-1.0,6721499
model.10.m.0.attn,1,-1.0,-0.75,4883896
model.10.m.0.attn,1,-0.75,-0.5,3408796
model.10.m.0.attn,1,-0.5,-0.25,2222703
model.10.m.0.attn,1,-0.25,0.0,2977893
model.10.m.0.attn,2,-64.0,-63.75,0
model.10.m.0.attn,2,-63.75,-63.5,0
model.10.m.0.attn,2,-63.5,-63.25,0
model.10.m.0.attn,2,-63.25,-63.0,0
model.10.m.0.attn,2,-63.0,-62.75,0
model.10.m.0.attn,2,-62.75,-62.5,0
model.10.m.0.attn,2,-62.5,-62.25,0
model.10.m.0.attn,2,-62.25,-62.0,0
model.10.m.0.attn,2,-62.0,-61.75,0
model.10.m.0.attn,2,-61.75,-61.5,0
model.10.m.0.attn,2,-61.5,-61.25,0
model.10.m.0.attn,2,-61.25,-61.0,0
model.10.m.0.attn,2,-61.0,-60.75,0
model.10.m.0.attn,2,-60.75,-60.5,0
model.10.m.0.attn,2,-60.5,-60.25,0
model.10.m.0.attn,2,-60.25,-60.0,0
model.10.m.0.attn,2,-60.0,-59.75,0
model.10.m.0.attn,2,-59.75,-59.5,0
model.10.m.0.attn,2,-59.5,-59.25,0
model.10.m.0.attn,2,-59.25,-59.0,0
model.10.m.0.attn,2,-59.0,-58.75,0
model.10.m.0.attn,2,-58.75,-58.5,0
model.10.m.0.attn,2,-58.5,-58.25,0
model.10.m.0.attn,2,-58.25,-58.0,0
model.10.m.0.attn,2,-58.0,-57.75,0
model.10.m.0.attn,2,-57.75,-57.5,0
model.10.m.0.attn,2,-57.5,-57.25,0
model.10.m.0.attn,2,-57.25,-57.0,0
model.10.m.0.attn,2,-57.0,-56.75,0
model.10.m.0.attn,2,-56.75,-56.5,0
model.10.m.0.attn,2,-56.5,-56.25,0
model.10.m.0.attn,2,-56.25,-56.0,0
model.10.m.0.attn,2,-56.0,-55.75,0
model.10.m.0.attn,2,-55.75,-55.5,0
model.10.m.0.attn,2,-55.5,-55.25,0
model.10.m.0.attn,2,-55.25,-55.0,0
model.10.m.0.attn,2,-55.0,-54.75,0
model.10.m.0.attn,2,-54.75,-54.5,0
model.10.m.0.attn,2,-54.5,-54.25,0
model.10.m.0.attn,2,-54.25,-54.0,0
model.10.m.0.attn,2,-54.0,-53.75,0
model.10.m.0.attn,2,-53.75,-53.5,0
model.10.m.0.attn,2,-53.5,-53.25,0
model.10.m.0.attn,2,-53.25,-53.0,0
model.10.m.0.attn,2,-53.0,-52.75,0
model.10.m.0.attn,2,-52.75,-52.5,0
model.10.m.0.attn,2,-52.5,-52.25,0
model.10.m.0.attn,2,-52.25,-52.0,0
model.10.m.0.attn,2,-52.0,-51.75,0
model.10.m.0.attn,2,-51.75,-51.5,0
model.10.m.0.attn,2,-51.5,-51.25,0
model.10.m.0.attn,2,-51.25,-51.0,0
model.10.m.0.attn,2,-51.0,-50.75,0
model.10.m.0.attn,2,-50.75,-50.5,0
model.10.m.0.attn,2,-50.5,-50.25,0
model.10.m.0.attn,2,-50.25,-50.0,0
model.10.m.0.attn,2,-50.0,-49.75,0
model.10.m.0.attn,2,-49.75,-49.5,0
model.10.m.0.attn,2,-49.5,-49.25,0
model.10.m.0.attn,2,-49.25,-49.0,0
model.10.m.0.attn,2,-49.0,-48.75,0
model.10.m.0.attn,2,-48.75,-48.5,0
model.10.m.0.attn,2,-48.5,-48.25,0
model.10.m.0.attn,2,-48.25,-48.0,0
model.10.m.0.attn,2,-48.0,-47.75,0
model.10.m.0.attn,2,-47.75,-47.5,0
model.10.m.0.attn,2,-47.5,-47.25,0
model.10.m.0.attn,2,-47.25,-47.0,0
model.10.m.0.attn,2,-47.0,-46.75,0
model.10.m.0.attn,2,-46.75,-46.5,0
model.10.m.0.attn,2,-46.5,-46.25,0
model.10.m.0.attn,2,-46.25,-46.0,0
model.10.m.0.attn,2,-46.0,-45.75,0
model.10.m.0.attn,2,-45.75,-45.5,0
model.10.m.0.attn,2,-45.5,-45.25,0
model.10.m.0.attn,2,-45.25,-45.0,0
model.10.m.0.attn,2,-45.0,-44.75,0
model.10.m.0.attn,2,-44.75,-44.5,0
model.10.m.0.attn,2,-44.5,-44.25,0
model.10.m.0.attn,2,-44.25,-44.0,0
model.10.m.0.attn,2,-44.0,-43.75,0
model.10.m.0.attn,2,-43.75,-43.5,0
model.10.m.0.attn,2,-43.5,-43.25,0
model.10.m.0.attn,2,-43.25,-43.0,0
model.10.m.0.attn,2,-43.0,-42.75,0
model.10.m.0.attn,2,-42.75,-42.5,0
model.10.m.0.attn,2,-42.5,-42.25,0
model.10.m.0.attn,2,-42.25,-42.0,0
model.10.m.0.attn,2,-42.0,-41.75,0
model.10.m.0.attn,2,-41.75,-41.5,0
model.10.m.0.attn,2,-41.5,-41.25,0
model.10.m.0.attn,2,-41.25,-41.0,0
model.10.m.0.attn,2,-41.0,-40.75,0
model.10.m.0.attn,2,-40.75,-40.5,0
model.10.m.0.attn,2,-40.5,-40.25,0
model.10.m.0.attn,2,-40.25,-40.0,0
model.10.m.0.attn,2,-40.0,-39.75,0
model.10.m.0.attn,2,-39.75,-39.5,0
model.10.m.0.attn,2,-39.5,-39.25,0
model.10.m.0.attn,2,-39.25,-39.0,0
model.10.m.0.attn,2,-39.0,-38.75,0
model.10.m.0.attn,2,-38.75,-38.5,0
model.10.m.0.attn,2,-38.5,-38.25,0
model.10.m.0.attn,2,-38.25,-38.0,0
model.10.m.0.attn,2,-38.0,-37.75,0
model.10.m.0.attn,2,-37.75,-37.5,0
model.10.m.0.attn,2,-37.5,-37.25,0
model.10.m.0.attn,2,-37.25,-37.0,0
model.10.m.0.attn,2,-37.0,-36.75,0
model.10.m.0.attn,2,-36.75,-36.5,0
model.10.m.0.attn,2,-36.5,-36.25,0
model.10.m.0.attn,2,-36.25,-36.0,0
model.10.m.0.attn,2,-36.0,-35.75,0
model.10.m.0.attn,2,-35.75,-35.5,0
model.10.m.0.attn,2,-35.5,-35.25,0
model.10.m.0.attn,2,-35.25,-35.0,0
model.10.m.0.attn,2,-35.0,-34.75,0
model.10.m.0.attn,2,-34.75,-34.5,0
model.10.m.0.attn,2,-34.5,-34.25,0
model.10.m.0.attn,2,-34.25,-34.0,0
model.10.m.0.attn,2,-34.0,-33.75,0
model.10.m.0.attn,2,-33.75,-33.5,0
model.10.m.0.attn,2,-33.5,-33.25,0
model.10.m.0.attn,2,-33.25,-33.0,0
model.10.m.0.attn,2,-33.0,-32.75,0
model.10.m.0.attn,2,-32.75,-32.5,0
model.10.m.0.attn,2,-32.5,-32.25,0
model.10.m.0.attn,2,-32.25,-32.0,0
model.10.m.0.attn,2,-32.0,-31.75,0
model.10.m.0.attn,2,-31.75,-31.5,0
model.10.m.0.attn,2,-31.5,-31.25,0
model.10.m.0.attn,2,-31.25,-31.0,0
model.10.m.0.attn,2,-31.0,-30.75,0
model.10.m.0.attn,2,-30.75,-30.5,0
model.10.m.0.attn,2,-30.5,-30.25,0
model.10.m.0.attn,2,-30.25,-30.0,0
model.10.m.0.attn,2,-30.0,-29.75,0
model.10.m.0.attn,2,-29.75,-29.5,0
model.10.m.0.attn,2,-29.5,-29.25,0
model.10.m.0.attn,2,-29.25,-29.0,0
model.10.m.0.attn,2,-29.0,-28.75,0
model.10.m.0.attn,2,-28.75,-28.5,0
model.10.m.0.attn,2,-28.5,-28.25,0
model.10.m.0.attn,2,-28.25,-28.0,0
model.10.m.0.attn,2,-28.0,-27.75,0
model.10.m.0.attn,2,-27.75,-27.5,0
model.10.m.0.attn,2,-27.5,-27.25,0
model.10.m.0.attn,2,-27.25,-27.0,0
model.10.m.0.attn,2,-27.0,-26.75,0
model.10.m.0.attn,2,-26.75,-26.5,0
model.10.m.0.attn,2,-26.5,-26.25,0
model.10.m.0.attn,2,-26.25,-26.0,0
model.10.m.0.attn,2,-26.0,-25.75,0
model.10.m.0.attn,2,-25.75,-25.5,1
model.10.m.0.attn,2,-25.5,-25.25,0
model.10.m.0.attn,2,-25.25,-25.0,3
model.10.m.0.attn,2,-25.0,-24.75,0
model.10.m.0.attn,2,-24.75,-24.5,1
model.10.m.0.attn,2,-24.5,-24.25,5
model.10.m.0.attn,2,-24.25,-24.0,3
model.10.m.0.attn,2,-24.0,-23.75,4
model.10.m.0.attn,2,-23.75,-23.5,14
model.10.m.0.attn,2,-23.5,-23.25,9
model.10.m.0.attn,2,-23.25,-23.0,20
model.10.m.0.attn,2,-23.0,-22.75,24
model.10.m.0.attn,2,-22.75,-22.5,36
model.10.m.0.attn,2,-22.5,-22.25,35
model.10.m.0.attn,2,-22.25,-22.0,63
model.10.m.0.attn,2,-22.0,-21.75,101
model.10.m.0.attn,2,-21.75,-21.5,113
model.10.m.0.attn,2,-21.5,-21.25,183
model.10.m.0.attn,2,-21.25,-21.0,272
model.10.m.0.attn,2,-21.0,-20.75,366
model.10.m.0.attn,2,-20.75,-20.5,524
model.10.m.0.attn,2,-20.5,-20.25,711
model.10.m.0.attn,2,-20.25,-20.0,953
model.10.m.0.attn,2,-20.0,-19.75,1342
model.10.m.0.attn,2,-19.75,-19.5,1738
model.10.m.0.attn,2,-19.5,-19.25,2400
model.10.m.0.attn,2,-19.25,-19.0,3216
model.10.m.0.attn,2,-19.0,-18.75,4434
model.10.m.0.attn,2,-18.75,-18.5,5626
model.10.m.0.attn,2,-18.5,-18.25,7595
model.10.m.0.attn,2,-18.25,-18.0,10080
model.10.m.0.attn,2,-18.0,-17.75,13470
model.10.m.0.attn,2,-17.75,-17.5,17404
model.10.m.0.attn,2,-17.5,-17.25,22707
model.10.m.0.attn,2,-17.25,-17.0,29051
model.10.m.0.attn,2,-17.0,-16.75,38464
model.10.m.0.attn,2,-16.75,-16.5,49254
model.10.m.0.attn,2,-16.5,-16.25,63445
model.10.m.0.attn,2,-16.25,-16.0,80632
model.10.m.0.attn,2,-16.0,-15.75,103333
model.10.m.0.attn,2,-15.75,-15.5,130056
model.10.m.0.attn,2,-15.5,-15.25,164477
model.10.m.0.attn,2,-15.25,-15.0,206410
model.10.m.0.attn,2,-15.0,-14.75,259119
model.10.m.0.attn,2,-14.75,-14.5,320913
model.10.m.0.attn,2,-14.5,-14.25,398856
model.10.m.0.attn,2,-14.25,-14.0,489338
model.10.m.0.attn,2,-14.0,-13.75,603512
model.10.m.0.attn,2,-13.75,-13.5,731924
model.10.m.0.attn,2,-13.5,-13.25,892712
model.10.m.0.attn,2,-13.25,-13.0,1070295
model.10.m.0.attn,2,-13.0,-12.75,1293531
model.10.m.0.attn,2,-12.75,-12.5,1535230
model.10.m.0.attn,2,-12.5,-12.25,1830772
model.10.m.0.attn,2,-12.25,-12.0,2152997
model.10.m.0.attn,2,-12.0,-11.75,2533496
model.10.m.0.attn,2,-11.75,-11.5,2949911
model.10.m.0.attn,2,-11.5,-11.25,3432709
model.10.m.0.attn,2,-11.25,-11.0,3948909
model.10.m.0.attn,2,-11.0,-10.75,4540394
model.10.m.0.attn,2,-10.75,-10.5,5172632
model.10.m.0.attn,2,-10.5,-10.25,5869177
model.10.m.0.attn,2,-10.25,-10.0,6603583
model.10.m.0.attn,2,-10.0,-9.75,7399779
model.10.m.0.attn,2,-9.75,-9.5,8217575
model.10.m.0.attn,2,-9.5,-9.25,9101764
model.10.m.0.attn,2,-9.25,-9.0,10001508
model.10.m.0.attn,2,-9.0,-8.75,10917824
model.10.m.0.attn,2,-8.75,-8.5,11841605
model.10.m.0.attn,2,-8.5,-8.25,12772081
model.10.m.0.attn,2,-8.25,-8.0,13687855
model.10.m.0.attn,2,-8.0,-7.75,14549252
model.10.m.0.attn,2,-7.75,-7.5,15389593
model.10.m.0.attn,2,-7.5,-7.25,16143252
model.10.m.0.attn,2,-7.25,-7.0,16845078
model.10.m.0.attn,2,-7.0,-6.75,17431321
model.10.m.0.attn,2,-6.75,-6.5,17939429
model.10.m.0.attn,2,-6.5,-6.25,18293626
model.10.m.0.attn,2,-6.25,-6.0,18562829
model.10.m.0.attn,2,-6.0,-5.75,18655228
model.10.m.0.attn,2,-5.75,-5.5,18651712
model.10.m.0.attn,2,-5.5,-5.25,18446355
model.10.m.0.attn,2,-5.25,-5.0,18170603
model.10.m.0.attn,2,-5.0,-4.75,17681575
model.10.m.0.attn,2,-4.75,-4.5,17117490
model.10.m.0.attn,2,-4.5,-4.25,16383992
model.10.m.0.attn,2,-4.25,-4.0,15561675
model.10.m.0.attn,2,-4.0,-3.75,14603892
model.10.m.0.attn,2,-3.75,-3.5,13594462
model.10.m.0.attn,2,-3.5,-3.25,12506300
model.10.m.0.attn,2,-3.25,-3.0,11362085
model.10.m.0.attn,2,-3.0,-2.75,10212893
model.10.m.0.attn,2,-2.75,-2.5,9024256
model.10.m.0.attn,2,-2.5,-2.25,7896387
model.10.m.0.attn,2,-2.25,-2.0,6755742
model.10.m.0.attn,2,-2.0,-1.75,5720255
model.10.m.0.attn,2,-1.75,-1.5,4698667
model.10.m.0.attn,2,-1.5,-1.25,3832735
model.10.m.0.attn,2,-1.25,-1.0,3009784
model.10.m.0.attn,2,-1.0,-0.75,2336502
model.10.m.0.attn,2,-0.75,-0.5,1738607
model.10.m.0.attn,2,-0.5,-0.25,1271412
model.10.m.0.attn,2,-0.25,0.0,2489996
model.10.m.0.attn,3,-64.0,-63.75,0
model.10.m.0.attn,3,-63.75,-63.5,0
model.10.m.0.attn,3,-63.5,-63.25,0
model.10.m.0.attn,3,-63.25,-63.0,0
model.10.m.0.attn,3,-63.0,-62.75,0
model.10.m.0.attn,3,-62.75,-62.5,0
model.10.m.0.attn,3,-62.5,-62.25,0
model.10.m.0.attn,3,-62.25,-62.0,0
model.10.m.0.attn,3,-62.0,-61.75,0
model.10.m.0.attn,3,-61.75,-61.5,0
model.10.m.0.attn,3,-61.5,-61.25,0
model.10.m.0.attn,3,-61.25,-61.0,0
model.10.m.0.attn,3,-61.0,-60.75,0
model.10.m.0.attn,3,-60.75,-60.5,0
model.10.m.0.attn,3,-60.5,-60.25,0
model.10.m.0.attn,3,-60.25,-60.0,0
model.10.m.0.attn,3,-60.0,-59.75,0
model.10.m.0.attn,3,-59.75,-59.5,0
model.10.m.0.attn,3,-59.5,-59.25,0
model.10.m.0.attn,3,-59.25,-59.0,0
model.10.m.0.attn,3,-59.0,-58.75,0
model.10.m.0.attn,3,-58.75,-58.5,0
model.10.m.0.attn,3,-58.5,-58.25,0
model.10.m.0.attn,3,-58.25,-58.0,0
model.10.m.0.attn,3,-58.0,-57.75,0
model.10.m.0.attn,3,-57.75,-57.5,0
model.10.m.0.attn,3,-57.5,-57.25,0
model.10.m.0.attn,3,-57.25,-57.0,0
model.10.m.0.attn,3,-57.0,-56.75,0
model.10.m.0.attn,3,-56.75,-56.5,0
model.10.m.0.attn,3,-56.5,-56.25,0
model.10.m.0.attn,3,-56.25,-56.0,0
model.10.m.0.attn,3,-56.0,-55.75,0
model.10.m.0.attn,3,-55.75,-55.5,0
model.10.m.0.attn,3,-55.5,-55.25,0
model.10.m.0.attn,3,-55.25,-55.0,0
model.10.m.0.attn,3,-55.0,-54.75,0
model.10.m.0.attn,3,-54.75,-54.5,0
model.10.m.0.attn,3,-54.5,-54.25,0
model.10.m.0.attn,3,-54.25,-54.0,0
model.10.m.0.attn,3,-54.0,-53.75,0
model.10.m.0.attn,3,-53.75,-53.5,0
model.10.m.0.attn,3,-53.5,-53.25,0
model.10.m.0.attn,3,-53.25,-53.0,0
model.10.m.0.attn,3,-53.0,-52.75,0
model.10.m.0.attn,3,-52.75,-52.5,0
model.10.m.0.attn,3,-52.5,-52.25,0
model.10.m.0.attn,3,-52.25,-52.0,0
model.10.m.0.attn,3,-52.0,-51.75,0
model.10.m.0.attn,3,-51.75,-51.5,0
model.10.m.0.attn,3,-51.5,-51.25,0
model.10.m.0.attn,3,-51.25,-51.0,0
model.10.m.0.attn,3,-51.0,-50.75,0
model.10.m.0.attn,3,-50.75,-50.5,0
model.10.m.0.attn,3,-50.5,-50.25,0
model.10.m.0.attn,3,-50.25,-50.0,0
model.10.m.0.attn,3,-50.0,-49.75,0
model.10.m.0.attn,3,-49.75,-49.5,0
model.10.m.0.attn,3,-49.5,-49.25,0
model.10.m.0.attn,3,-49.25,-49.0,0
model.10.m.0.attn,3,-49.0,-48.75,0
model.10.m.0.attn,3,-48.75,-48.5,0
model.10.m.0.attn,3,-48.5,-48.25,0
model.10.m.0.attn,3,-48.25,-48.0,0
model.10.m.0.attn,3,-48.0,-47.75,0
model.10.m.0.attn,3,-47.75,-47.5,0
model.10.m.0.attn,3,-47.5,-47.25,0
model.10.m.0.attn,3,-47.25,-47.0,0
model.10.m.0.attn,3,-47.0,-46.75,0
model.10.m.0.attn,3,-46.75,-46.5,0
model.10.m.0.attn,3,-46.5,-46.25,0
model.10.m.0.attn,3,-46.25,-46.0,0
model.10.m.0.attn,3,-46.0,-45.75,0
model.10.m.0.attn,3,-45.75,-45.5,0
model.10.m.0.attn,3,-45.5,-45.25,0
model.10.m.0.attn,3,-45.25,-45.0,0
model.10.m.0.attn,3,-45.0,-44.75,0
model.10.m.0.attn,3,-44.75,-44.5,0
model.10.m.0.attn,3,-44.5,-44.25,0
model.10.m.0.attn,3,-44.25,-44.0,0
model.10.m.0.attn,3,-44.0,-43.75,0
model.10.m.0.attn,3,-43.75,-43.5,0
model.10.m.0.attn,3,-43.5,-43.25,0
model.10.m.0.attn,3,-43.25,-43.0,0
model.10.m.0.attn,3,-43.0,-42.75,0
model.10.m.0.attn,3,-42.75,-42.5,0
model.10.m.0.attn,3,-42.5,-42.25,0
model.10.m.0.attn,3,-42.25,-42.0,0
model.10.m.0.attn,3,-42.0,-41.75,0
model.10.m.0.attn,3,-41.75,-41.5,0
model.10.m.0.attn,3,-41.5,-41.25,0
model.10.m.0.attn,3,-41.25,-41.0,0
model.10.m.0.attn,3,-41.0,-40.75,0
model.10.m.0.attn,3,-40.75,-40.5,0
model.10.m.0.attn,3,-40.5,-40.25,0
model.10.m.0.attn,3,-40.25,-40.0,0
model.10.m.0.attn,3,-40.0,-39.75,0
model.10.m.0.attn,3,-39.75,-39.5,0
model.10.m.0.attn,3,-39.5,-39.25,0
model.10.m.0.attn,3,-39.25,-39.0,0
model.10.m.0.attn,3,-39.0,-38.75,0
model.10.m.0.attn,3,-38.75,-38.5,0
model.10.m.0.attn,3,-38.5,-38.25,0
model.10.m.0.attn,3,-38.25,-38.0,0
model.10.m.0.attn,3,-38.0,-37.75,0
model.10.m.0.attn,3,-37.75,-37.5,0
model.10.m.0.attn,3,-37.5,-37.25,0
model.10.m.0.attn,3,-37.25,-37.0,0
model.10.m.0.attn,3,-37.0,-36.75,0
model.10.m.0.attn,3,-36.75,-36.5,0
model.10.m.0.attn,3,-36.5,-36.25,0
model.10.m.0.attn,3,-36.25,-36.0,0
model.10.m.0.attn,3,-36.0,-35.75,0
model.10.m.0.attn,3,-35.75,-35.5,0
model.10.m.0.attn,3,-35.5,-35.25,0
model.10.m.0.attn,3,-35.25,-35.0,0
model.10.m.0.attn,3,-35.0,-34.75,0
model.10.m.0.attn,3,-34.75,-34.5,0
model.10.m.0.attn,3,-34.5,-34.25,0
model.10.m.0.attn,3,-34.25,-34.0,0
model.10.m.0.attn,3,-34.0,-33.75,0
model.10.m.0.attn,3,-33.75,-33.5,0
model.10.m.0.attn,3,-33.5,-33.25,0
model.10.m.0.attn,3,-33.25,-33.0,0
model.10.m.0.attn,3,-33.0,-32.75,0
model.10.m.0.attn,3,-32.75,-32.5,0
model.10.m.0.attn,3,-32.5,-32.25,0
model.10.m.0.attn,3,-32.25,-32.0,0
model.10.m.0.attn,3,-32.0,-31.75,0
model.10.m.0.attn,3,-31.75,-31.5,0
model.10.m.0.attn,3,-31.5,-31.25,0
model.10.m.0.attn,3,-31.25,-31.0,0
model.10.m.0.attn,3,-31.0,-30.75,0
model.10.m.0.attn,3,-30.75,-30.5,0
model.10.m.0.attn,3,-30.5,-30.25,0
model.10.m.0.attn,3,-30.25,-30.0,0
model.10.m.0.attn,3,-30.0,-29.75,0
model.10.m.0.attn,3,-29.75,-29.5,0
model.10.m.0.attn,3,-29.5,-29.25,0
model.10.m.0.attn,3,-29.25,-29.0,0
model.10.m.0.attn,3,-29.0,-28.75,0
model.10.m.0.attn,3,-28.75,-28.5,0
model.10.m.0.attn,3,-28.5,-28.25,0
model.10.m.0.attn,3,-28.25,-28.0,0
model.10.m.0.attn,3,-28.0,-27.75,0
model.10.m.0.attn,3,-27.75,-27.5,0
model.10.m.0.attn,3,-27.5,-27.25,0
model.10.m.0.attn,3,-27.25,-27.0,0
model.10.m.0.attn,3,-27.0,-26.75,0
model.10.m.0.attn,3,-26.75,-26.5,0
model.10.m.0.attn,3,-26.5,-26.25,0
model.10.m.0.attn,3,-26.25,-26.0,0
model.10.m.0.attn,3,-26.0,-25.75,0
model.10.m.0.attn,3,-25.75,-25.5,0
model.10.m.0.attn,3,-25.5,-25.25,0
model.10.m.0.attn,3,-25.25,-25.0,1
model.10.m.0.attn,3,-25.0,-24.75,0
model.10.m.0.attn,3,-24.75,-24.5,2
model.10.m.0.attn,3,-24.5,-24.25,0
model.10.m.0.attn,3,-24.25,-24.0,2
model.10.m.0.attn,3,-24.0,-23.75,4
model.10.m.0.attn,3,-23.75,-23.5,10
model.10.m.0.attn,3,-23.5,-23.25,16
model.10.m.0.attn,3,-23.25,-23.0,25
model.10.m.0.attn,3,-23.0,-22.75,40
model.10.m.0.attn,3,-22.75,-22.5,51
model.10.m.0.attn,3,-22.5,-22.25,97
model.10.m.0.attn,3,-22.25,-22.0,161
model.10.m.0.attn,3,-22.0,-21.75,162
model.10.m.0.attn,3,-21.75,-21.5,279
model.10.m.0.attn,3,-21.5,-21.25,411
model.10.m.0.attn,3,-21.25,-21.0,622
model.10.m.0.attn,3,-21.0,-20.75,812
model.10.m.0.attn,3,-20.75,-20.5,1316
model.10.m.0.attn,3,-20.5,-20.25,1555
model.10.m.0.attn,3,-20.25,-20.0,2398
model.10.m.0.attn,3,-20.0,-19.75,3035
model.10.m.0.attn,3,-19.75,-19.5,4218
model.10.m.0.attn,3,-19.5,-19.25,5407
model.10.m.0.attn,3,-19.25,-19.0,7565
model.10.m.0.attn,3,-19.0,-18.75,9300
model.10.m.0.attn,3,-18.75,-18.5,12881
model.10.m.0.attn,3,-18.5,-18.25,15644
model.10.m.0.attn,3,-18.25,-18.0,20934
model.10.m.0.attn,3,-18.0,-17.75,25943
model.10.m.0.attn,3,-17.75,-17.5,33814
model.10.m.0.attn,3,-17.5,-17.25,41674
model.10.m.0.attn,3,-17.25,-17.0,52834
model.10.m.0.attn,3,-17.0,-16.75,65494
model.10.m.0.attn,3,-16.75,-16.5,81022
model.10.m.0.attn,3,-16.5,-16.25,100463
model.10.m.0.attn,3,-16.25,-16.0,122988
model.10.m.0.attn,3,-16.0,-15.75,151704
model.10.m.0.attn,3,-15.75,-15.5,182699
model.10.m.0.attn,3,-15.5,-15.25,226070
model.10.m.0.attn,3,-15.25,-15.0,267871
model.10.m.0.attn,3,-15.0,-14.75,331273
model.10.m.0.attn,3,-14.75,-14.5,389829
model.10.m.0.attn,3,-14.5,-14.25,479548
model.10.m.0.attn,3,-14.25,-14.0,558479
model.10.m.0.attn,3,-14.0,-13.75,685742
model.10.m.0.attn,3,-13.75,-13.5,789690
model.10.m.0.attn,3,-13.5,-13.25,964691
model.10.m.0.attn,3,-13.25,-13.0,1102502
model.10.m.0.attn,3,-13.0,-12.75,1339388
model.10.m.0.attn,3,-12.75,-12.5,1508910
model.10.m.0.attn,3,-12.5,-12.25,1821502
model.10.m.0.attn,3,-12.25,-12.0,2036382
model.10.m.0.attn,3,-12.0,-11.75,2435558
model.10.m.0.attn,3,-11.75,-11.5,2698066
model.10.m.0.attn,3,-11.5,-11.25,3190665
model.10.m.0.attn,3,-11.25,-11.0,3507793
model.10.m.0.attn,3,-11.0,-10.75,4102129
model.10.m.0.attn,3,-10.75,-10.5,4467625
model.10.m.0.attn,3,-10.5,-10.25,5180601
model.10.m.0.attn,3,-10.25,-10.0,5607197
model.10.m.0.attn,3,-10.0,-9.75,6428196
model.10.m.0.attn,3,-9.75,-9.5,6923001
model.10.m.0.attn,3,-9.5,-9.25,7854117
model.10.m.0.attn,3,-9.25,-9.0,8421529
model.10.m.0.attn,3,-9.0,-8.75,9468224
model.10.m.0.attn,3,-8.75,-8.5,10108792
model.10.m.0.attn,3,-8.5,-8.25,11272495
model.10.m.0.attn,3,-8.25,-8.0,11971981
model.10.m.0.attn,3,-8.0,-7.75,13213561
model.10.m.0.attn,3,-7.75,-7.5,13965541
model.10.m.0.attn,3,-7.5,-7.25,15241165
model.10.m.0.attn,3,-7.25,-7.0,15950302
model.10.m.0.attn,3,-7.0,-6.75,17166830
model.10.m.0.attn,3,-6.75,-6.5,17756562
model.10.m.0.attn,3,-6.5,-6.25,18818733
model.10.m.0.attn,3,-6.25,-6.0,19176004
model.10.m.0.attn,3,-6.0,-5.75,19955617
model.10.m.0.attn,3,-5.75,-5.5,19961100
model.10.m.0.attn,3,-5.5,-5.25,20345404
model.10.m.0.attn,3,-5.25,-5.0,19933648
model.10.m.0.attn,3,-5.0,-4.75,19845323
model.10.m.0.attn,3,-4.75,-4.5,18992422
model.10.m.0.attn,3,-4.5,-4.25,18467026
model.10.m.0.attn,3,-4.25,-4.0,17214537
model.10.m.0.attn,3,-4.0,-3.75,16310385
model.10.m.0.attn,3,-3.75,-3.5,14794398
model.10.m.0.attn,3,-3.5,-3.25,13637381
model.10.m.0.attn,3,-3.25,-3.0,12021875
model.10.m.0.attn,3,-3.0,-2.75,10778040
model.10.m.0.attn,3,-2.75,-2.5,9213115
model.10.m.0.attn,3,-2.5,-2.25,7999415
model.10.m.0.attn,3,-2.25,-2.0,6647663
model.10.m.0.attn,3,-2.0,-1.75,5574981
model.10.m.0.attn,3,-1.75,-1.5,4490976
model.10.m.0.attn,3,-1.5,-1.25,3617992
model.10.m.0.attn,3,-1.25,-1.0,2818395
model.10.m.0.attn,3,-1.0,-0.75,2169047
model.10.m.0.attn,3,-0.75,-0.5,1620215
model.10.m.0.attn,3,-0.5,-0.25,1180571
model.10.m.0.attn,3,-0.25,0.0,2441908
model.22.m.0.1.attn,all,-64.0,-63.75,0
model.22.m.0.1.attn,all,-63.75,-63.5,0
model.22.m.0.1.attn,all,-63.5,-63.25,0
model.22.m.0.1.attn,all,-63.25,-63.0,0
model.22.m.0.1.attn,all,-63.0,-62.75,0
model.22.m.0.1.attn,all,-62.75,-62.5,0
model.22.m.0.1.attn,all,-62.5,-62.25,0
model.22.m.0.1.attn,all,-62.25,-62.0,0
model.22.m.0.1.attn,all,-62.0,-61.75,0
model.22.m.0.1.attn,all,-61.75,-61.5,0
model.22.m.0.1.attn,all,-61.5,-61.25,0
model.22.m.0.1.attn,all,-61.25,-61.0,0
model.22.m.0.1.attn,all,-61.0,-60.75,0
model.22.m.0.1.attn,all,-60.75,-60.5,0
model.22.m.0.1.attn,all,-60.5,-60.25,0
model.22.m.0.1.attn,all,-60.25,-60.0,0
model.22.m.0.1.attn,all,-60.0,-59.75,0
model.22.m.0.1.attn,all,-59.75,-59.5,0
model.22.m.0.1.attn,all,-59.5,-59.25,0
model.22.m.0.1.attn,all,-59.25,-59.0,0
model.22.m.0.1.attn,all,-59.0,-58.75,0
model.22.m.0.1.attn,all,-58.75,-58.5,0
model.22.m.0.1.attn,all,-58.5,-58.25,0
model.22.m.0.1.attn,all,-58.25,-58.0,0
model.22.m.0.1.attn,all,-58.0,-57.75,0
model.22.m.0.1.attn,all,-57.75,-57.5,0
model.22.m.0.1.attn,all,-57.5,-57.25,0
model.22.m.0.1.attn,all,-57.25,-57.0,0
model.22.m.0.1.attn,all,-57.0,-56.75,0
model.22.m.0.1.attn,all,-56.75,-56.5,0
model.22.m.0.1.attn,all,-56.5,-56.25,0
model.22.m.0.1.attn,all,-56.25,-56.0,0
model.22.m.0.1.attn,all,-56.0,-55.75,0
model.22.m.0.1.attn,all,-55.75,-55.5,0
model.22.m.0.1.attn,all,-55.5,-55.25,0
model.22.m.0.1.attn,all,-55.25,-55.0,0
model.22.m.0.1.attn,all,-55.0,-54.75,0
model.22.m.0.1.attn,all,-54.75,-54.5,0
model.22.m.0.1.attn,all,-54.5,-54.25,0
model.22.m.0.1.attn,all,-54.25,-54.0,0
model.22.m.0.1.attn,all,-54.0,-53.75,0
model.22.m.0.1.attn,all,-53.75,-53.5,0
model.22.m.0.1.attn,all,-53.5,-53.25,0
model.22.m.0.1.attn,all,-53.25,-53.0,0
model.22.m.0.1.attn,all,-53.0,-52.75,0
model.22.m.0.1.attn,all,-52.75,-52.5,0
model.22.m.0.1.attn,all,-52.5,-52.25,0
model.22.m.0.1.attn,all,-52.25,-52.0,0
model.22.m.0.1.attn,all,-52.0,-51.75,0
model.22.m.0.1.attn,all,-51.75,-51.5,0
model.22.m.0.1.attn,all,-51.5,-51.25,0
model.22.m.0.1.attn,all,-51.25,-51.0,0
model.22.m.0.1.attn,all,-51.0,-50.75,0
model.22.m.0.1.attn,all,-50.75,-50.5,0
model.22.m.0.1.attn,all,-50.5,-50.25,0
model.22.m.0.1.attn,all,-50.25,-50.0,0
model.22.m.0.1.attn,all,-50.0,-49.75,0
model.22.m.0.1.attn,all,-49.75,-49.5,0
model.22.m.0.1.attn,all,-49.5,-49.25,0
model.22.m.0.1.attn,all,-49.25,-49.0,0
model.22.m.0.1.attn,all,-49.0,-48.75,0
model.22.m.0.1.attn,all,-48.75,-48.5,0
model.22.m.0.1.attn,all,-48.5,-48.25,0
model.22.m.0.1.attn,all,-48.25,-48.0,0
model.22.m.0.1.attn,all,-48.0,-47.75,0
model.22.m.0.1.attn,all,-47.75,-47.5,0
model.22.m.0.1.attn,all,-47.5,-47.25,0
model.22.m.0.1.attn,all,-47.25,-47.0,0
model.22.m.0.1.attn,all,-47.0,-46.75,0
model.22.m.0.1.attn,all,-46.75,-46.5,0
model.22.m.0.1.attn,all,-46.5,-46.25,0
model.22.m.0.1.attn,all,-46.25,-46.0,0
model.22.m.0.1.attn,all,-46.0,-45.75,0
model.22.m.0.1.attn,all,-45.75,-45.5,0
model.22.m.0.1.attn,all,-45.5,-45.25,0
model.22.m.0.1.attn,all,-45.25,-45.0,0
model.22.m.0.1.attn,all,-45.0,-44.75,0
model.22.m.0.1.attn,all,-44.75,-44.5,0
model.22.m.0.1.attn,all,-44.5,-44.25,0
model.22.m.0.1.attn,all,-44.25,-44.0,0
model.22.m.0.1.attn,all,-44.0,-43.75,0
model.22.m.0.1.attn,all,-43.75,-43.5,0
model.22.m.0.1.attn,all,-43.5,-43.25,0
model.22.m.0.1.attn,all,-43.25,-43.0,0
model.22.m.0.1.attn,all,-43.0,-42.75,0
model.22.m.0.1.attn,all,-42.75,-42.5,0
model.22.m.0.1.attn,all,-42.5,-42.25,0
model.22.m.0.1.attn,all,-42.25,-42.0,0
model.22.m.0.1.attn,all,-42.0,-41.75,0
model.22.m.0.1.attn,all,-41.75,-41.5,0
model.22.m.0.1.attn,all,-41.5,-41.25,0
model.22.m.0.1.attn,all,-41.25,-41.0,0
model.22.m.0.1.attn,all,-41.0,-40.75,0
model.22.m.0.1.attn,all,-40.75,-40.5,0
model.22.m.0.1.attn,all,-40.5,-40.25,0
model.22.m.0.1.attn,all,-40.25,-40.0,0
model.22.m.0.1.attn,all,-40.0,-39.75,0
model.22.m.0.1.attn,all,-39.75,-39.5,0
model.22.m.0.1.attn,all,-39.5,-39.25,0
model.22.m.0.1.attn,all,-39.25,-39.0,0
model.22.m.0.1.attn,all,-39.0,-38.75,0
model.22.m.0.1.attn,all,-38.75,-38.5,0
model.22.m.0.1.attn,all,-38.5,-38.25,0
model.22.m.0.1.attn,all,-38.25,-38.0,0
model.22.m.0.1.attn,all,-38.0,-37.75,0
model.22.m.0.1.attn,all,-37.75,-37.5,0
model.22.m.0.1.attn,all,-37.5,-37.25,0
model.22.m.0.1.attn,all,-37.25,-37.0,0
model.22.m.0.1.attn,all,-37.0,-36.75,0
model.22.m.0.1.attn,all,-36.75,-36.5,0
model.22.m.0.1.attn,all,-36.5,-36.25,0
model.22.m.0.1.attn,all,-36.25,-36.0,0
model.22.m.0.1.attn,all,-36.0,-35.75,0
model.22.m.0.1.attn,all,-35.75,-35.5,0
model.22.m.0.1.attn,all,-35.5,-35.25,0
model.22.m.0.1.attn,all,-35.25,-35.0,0
model.22.m.0.1.attn,all,-35.0,-34.75,0
model.22.m.0.1.attn,all,-34.75,-34.5,0
model.22.m.0.1.attn,all,-34.5,-34.25,0
model.22.m.0.1.attn,all,-34.25,-34.0,0
model.22.m.0.1.attn,all,-34.0,-33.75,1
model.22.m.0.1.attn,all,-33.75,-33.5,0
model.22.m.0.1.attn,all,-33.5,-33.25,0
model.22.m.0.1.attn,all,-33.25,-33.0,1
model.22.m.0.1.attn,all,-33.0,-32.75,0
model.22.m.0.1.attn,all,-32.75,-32.5,0
model.22.m.0.1.attn,all,-32.5,-32.25,0
model.22.m.0.1.attn,all,-32.25,-32.0,0
model.22.m.0.1.attn,all,-32.0,-31.75,2
model.22.m.0.1.attn,all,-31.75,-31.5,1
model.22.m.0.1.attn,all,-31.5,-31.25,2
model.22.m.0.1.attn,all,-31.25,-31.0,1
model.22.m.0.1.attn,all,-31.0,-30.75,6
model.22.m.0.1.attn,all,-30.75,-30.5,6
model.22.m.0.1.attn,all,-30.5,-30.25,6
model.22.m.0.1.attn,all,-30.25,-30.0,13
model.22.m.0.1.attn,all,-30.0,-29.75,14
model.22.m.0.1.attn,all,-29.75,-29.5,18
model.22.m.0.1.attn,all,-29.5,-29.25,18
model.22.m.0.1.attn,all,-29.25,-29.0,31
model.22.m.0.1.attn,all,-29.0,-28.75,29
model.22.m.0.1.attn,all,-28.75,-28.5,43
model.22.m.0.1.attn,all,-28.5,-28.25,50
model.22.m.0.1.attn,all,-28.25,-28.0,93
model.22.m.0.1.attn,all,-28.0,-27.75,105
model.22.m.0.1.attn,all,-27.75,-27.5,138
model.22.m.0.1.attn,all,-27.5,-27.25,173
model.22.m.0.1.attn,all,-27.25,-27.0,260
model.22.m.0.1.attn,all,-27.0,-26.75,276
model.22.m.0.1.attn,all,-26.75,-26.5,463
model.22.m.0.1.attn,all,-26.5,-26.25,480
model.22.m.0.1.attn,all,-26.25,-26.0,695
model.22.m.0.1.attn,all,-26.0,-25.75,754
model.22.m.0.1.attn,all,-25.75,-25.5,977
model.22.m.0.1.attn,all,-25.5,-25.25,1230
model.22.m.0.1.attn,all,-25.25,-25.0,1690
model.22.m.0.1.attn,all,-25.0,-24.75,1951
model.22.m.0.1.attn,all,-24.75,-24.5,2824
model.22.m.0.1.attn,all,-24.5,-24.25,3178
model.22.m.0.1.attn,all,-24.25,-24.0,4361
model.22.m.0.1.attn,all,-24.0,-23.75,4997
model.22.m.0.1.attn,all,-23.75,-23.5,6791
model.22.m.0.1.attn,all,-23.5,-23.25,8215
model.22.m.0.1.attn,all,-23.25,-23.0,10493
model.22.m.0.1.attn,all,-23.0,-22.75,12810
model.22.m.0.1.attn,all,-22.75,-22.5,16536
model.22.m.0.1.attn,all,-22.5,-22.25,19958
model.22.m.0.1.attn,all,-22.25,-22.0,25038
model.22.m.0.1.attn,all,-22.0,-21.75,29797
model.22.m.0.1.attn,all,-21.75,-21.5,37862
model.22.m.0.1.attn,all,-21.5,-21.25,44604
model.22.m.0.1.attn,all,-21.25,-21.0,56741
model.22.m.0.1.attn,all,-21.0,-20.75,67150
model.22.m.0.1.attn,all,-20.75,-20.5,83814
model.22.m.0.1.attn,all,-20.5,-20.25,98611
model.22.m.0.1.attn,all,-20.25,-20.0,121768
model.22.m.0.1.attn,all,-20.0,-19.75,142851
model.22.m.0.1.attn,all,-19.75,-19.5,176075
model.22.m.0.1.attn,all,-19.5,-19.25,204223
model.22.m.0.1.attn,all,-19.25,-19.0,250931
model.22.m.0.1.attn,all,-19.0,-18.75,290086
model.22.m.0.1.attn,all,-18.75,-18.5,353053
model.22.m.0.1.attn,all,-18.5,-18.25,405404
model.22.m.0.1.attn,all,-18.25,-18.0,490987
model.22.m.0.1.attn,all,-18.0,-17.75,561937
model.22.m.0.1.attn,all,-17.75,-17.5,674811
model.22.m.0.1.attn,all,-17.5,-17.25,767399
model.22.m.0.1.attn,all,-17.25,-17.0,914968
model.22.m.0.1.attn,all,-17.0,-16.75,1041305
model.22.m.0.1.attn,all,-16.75,-16.5,1233326
model.22.m.0.1.attn,all,-16.5,-16.25,1390714
model.22.m.0.1.attn,all,-16.25,-16.0,1640361
model.22.m.0.1.attn,all,-16.0,-15.75,1839463
model.22.m.0.1.attn,all,-15.75,-15.5,2154131
model.22.m.0.1.attn,all,-15.5,-15.25,2406362
model.22.m.0.1.attn,all,-15.25,-15.0,2800575
model.22.m.0.1.attn,all,-15.0,-14.75,3114420
model.22.m.0.1.attn,all,-14.75,-14.5,3602884
model.22.m.0.1.attn,all,-14.5,-14.25,3994661
model.22.m.0.1.attn,all,-14.25,-14.0,4592149
model.22.m.0.1.attn,all,-14.0,-13.75,5072643
model.22.m.0.1.attn,all,-13.75,-13.5,5799601
model.22.m.0.1.attn,all,-13.5,-13.25,6382998
model.22.m.0.1.attn,all,-13.25,-13.0,7262339
model.22.m.0.1.attn,all,-13.0,-12.75,7966109
model.22.m.0.1.attn,all,-12.75,-12.5,9019770
model.22.m.0.1.attn,all,-12.5,-12.25,9884373
model.22.m.0.1.attn,all,-12.25,-12.0,11115610
model.22.m.0.1.attn,all,-12.0,-11.75,12154560
model.22.m.0.1.attn,all,-11.75,-11.5,13595915
model.22.m.0.1.attn,all,-11.5,-11.25,14849017
model.22.m.0.1.attn,all,-11.25,-11.0,16494427
model.22.m.0.1.attn,all,-11.0,-10.75,17989126
model.22.m.0.1.attn,all,-10.75,-10.5,19849988
model.22.m.0.1.attn,all,-10.5,-10.25,21605051
model.22.m.0.1.attn,all,-10.25,-10.0,23666138
model.22.m.0.1.attn,all,-10.0,-9.75,25702873
model.22.m.0.1.attn,all,-9.75,-9.5,27931909
model.22.m.0.1.attn,all,-9.5,-9.25,30242128
model.22.m.0.1.attn,all,-9.25,-9.0,32592097
model.22.m.0.1.attn,all,-9.0,-8.75,35167405
model.22.m.0.1.attn,all,-8.75,-8.5,37507813
model.22.m.0.1.attn,all,-8.5,-8.25,40324899
model.22.m.0.1.attn,all,-8.25,-8.0,42563996
model.22.m.0.1.attn,all,-8.0,-7.75,45542186
model.22.m.0.1.attn,all,-7.75,-7.5,47577030
model.22.m.0.1.attn,all,-7.5,-7.25,50685730
model.22.m.0.1.attn,all,-7.25,-7.0,52408938
model.22.m.0.1.attn,all,-7.0,-6.75,55647267
model.22.m.0.1.attn,all,-6.75,-6.5,57047810
model.22.m.0.1.attn,all,-6.5,-6.25,60347011
model.22.m.0.1.attn,all,-6.25,-6.0,61471489
model.22.m.0.1.attn,all,-6.0,-5.75,64790023
model.22.m.0.1.attn,all,-5.75,-5.5,65509547
model.22.m.0.1.attn,all,-5.5,-5.25,68646199
model.22.m.0.1.attn,all,-5.25,-5.0,68861260
model.22.m.0.1.attn,all,-5.0,-4.75,71431029
model.22.m.0.1.attn,all,-4.75,-4.5,70786077
model.22.m.0.1.attn,all,-4.5,-4.25,72242641
model.22.m.0.1.attn,all,-4.25,-4.0,70334142
model.22.m.0.1.attn,all,-4.0,-3.75,70181882
model.22.m.0.1.attn,all,-3.75,-3.5,66630833
model.22.m.0.1.attn,all,-3.5,-3.25,64593014
model.22.m.0.1.attn,all,-3.25,-3.0,59419159
model.22.m.0.1.attn,all,-3.0,-2.75,55688234
model.22.m.0.1.attn,all,-2.75,-2.5,49306400
model.22.m.0.1.attn,all,-2.5,-2.25,44374844
model.22.m.0.1.attn,all,-2.25,-2.0,37592807
model.22.m.0.1.attn,all,-2.0,-1.75,32284990
model.22.m.0.1.attn,all,-1.75,-1.5,25956970
model.22.m.0.1.attn,all,-1.5,-1.25,21069496
model.22.m.0.1.attn,all,-1.25,-1.0,15938913
model.22.m.0.1.attn,all,-1.0,-0.75,12054364
model.22.m.0.1.attn,all,-0.75,-0.5,8514556
model.22.m.0.1.attn,all,-0.5,-0.25,5926964
model.22.m.0.1.attn,all,-0.25,0.0,10311503
model.22.m.0.1.attn,0,-64.0,-63.75,0
model.22.m.0.1.attn,0,-63.75,-63.5,0
model.22.m.0.1.attn,0,-63.5,-63.25,0
model.22.m.0.1.attn,0,-63.25,-63.0,0
model.22.m.0.1.attn,0,-63.0,-62.75,0
model.22.m.0.1.attn,0,-62.75,-62.5,0
model.22.m.0.1.attn,0,-62.5,-62.25,0
model.22.m.0.1.attn,0,-62.25,-62.0,0
model.22.m.0.1.attn,0,-62.0,-61.75,0
model.22.m.0.1.attn,0,-61.75,-61.5,0
model.22.m.0.1.attn,0,-61.5,-61.25,0
model.22.m.0.1.attn,0,-61.25,-61.0,0
model.22.m.0.1.attn,0,-61.0,-60.75,0
model.22.m.0.1.attn,0,-60.75,-60.5,0
model.22.m.0.1.attn,0,-60.5,-60.25,0
model.22.m.0.1.attn,0,-60.25,-60.0,0
model.22.m.0.1.attn,0,-60.0,-59.75,0
model.22.m.0.1.attn,0,-59.75,-59.5,0
model.22.m.0.1.attn,0,-59.5,-59.25,0
model.22.m.0.1.attn,0,-59.25,-59.0,0
model.22.m.0.1.attn,0,-59.0,-58.75,0
model.22.m.0.1.attn,0,-58.75,-58.5,0
model.22.m.0.1.attn,0,-58.5,-58.25,0
model.22.m.0.1.attn,0,-58.25,-58.0,0
model.22.m.0.1.attn,0,-58.0,-57.75,0
model.22.m.0.1.attn,0,-57.75,-57.5,0
model.22.m.0.1.attn,0,-57.5,-57.25,0
model.22.m.0.1.attn,0,-57.25,-57.0,0
model.22.m.0.1.attn,0,-57.0,-56.75,0
model.22.m.0.1.attn,0,-56.75,-56.5,0
model.22.m.0.1.attn,0,-56.5,-56.25,0
model.22.m.0.1.attn,0,-56.25,-56.0,0
model.22.m.0.1.attn,0,-56.0,-55.75,0
model.22.m.0.1.attn,0,-55.75,-55.5,0
model.22.m.0.1.attn,0,-55.5,-55.25,0
model.22.m.0.1.attn,0,-55.25,-55.0,0
model.22.m.0.1.attn,0,-55.0,-54.75,0
model.22.m.0.1.attn,0,-54.75,-54.5,0
model.22.m.0.1.attn,0,-54.5,-54.25,0
model.22.m.0.1.attn,0,-54.25,-54.0,0
model.22.m.0.1.attn,0,-54.0,-53.75,0
model.22.m.0.1.attn,0,-53.75,-53.5,0
model.22.m.0.1.attn,0,-53.5,-53.25,0
model.22.m.0.1.attn,0,-53.25,-53.0,0
model.22.m.0.1.attn,0,-53.0,-52.75,0
model.22.m.0.1.attn,0,-52.75,-52.5,0
model.22.m.0.1.attn,0,-52.5,-52.25,0
model.22.m.0.1.attn,0,-52.25,-52.0,0
model.22.m.0.1.attn,0,-52.0,-51.75,0
model.22.m.0.1.attn,0,-51.75,-51.5,0
model.22.m.0.1.attn,0,-51.5,-51.25,0
model.22.m.0.1.attn,0,-51.25,-51.0,0
model.22.m.0.1.attn,0,-51.0,-50.75,0
model.22.m.0.1.attn,0,-50.75,-50.5,0
model.22.m.0.1.attn,0,-50.5,-50.25,0
model.22.m.0.1.attn,0,-50.25,-50.0,0
model.22.m.0.1.attn,0,-50.0,-49.75,0
model.22.m.0.1.attn,0,-49.75,-49.5,0
model.22.m.0.1.attn,0,-49.5,-49.25,0
model.22.m.0.1.attn,0,-49.25,-49.0,0
model.22.m.0.1.attn,0,-49.0,-48.75,0
model.22.m.0.1.attn,0,-48.75,-48.5,0
model.22.m.0.1.attn,0,-48.5,-48.25,0
model.22.m.0.1.attn,0,-48.25,-48.0,0
model.22.m.0.1.attn,0,-48.0,-47.75,0
model.22.m.0.1.attn,0,-47.75,-47.5,0
model.22.m.0.1.attn,0,-47.5,-47.25,0
model.22.m.0.1.attn,0,-47.25,-47.0,0
model.22.m.0.1.attn,0,-47.0,-46.75,0
model.22.m.0.1.attn,0,-46.75,-46.5,0
model.22.m.0.1.attn,0,-46.5,-46.25,0
model.22.m.0.1.attn,0,-46.25,-46.0,0
model.22.m.0.1.attn,0,-46.0,-45.75,0
model.22.m.0.1.attn,0,-45.75,-45.5,0
model.22.m.0.1.attn,0,-45.5,-45.25,0
model.22.m.0.1.attn,0,-45.25,-45.0,0
model.22.m.0.1.attn,0,-45.0,-44.75,0
model.22.m.0.1.attn,0,-44.75,-44.5,0
model.22.m.0.1.attn,0,-44.5,-44.25,0
model.22.m.0.1.attn,0,-44.25,-44.0,0
model.22.m.0.1.attn,0,-44.0,-43.75,0
model.22.m.0.1.attn,0,-43.75,-43.5,0
model.22.m.0.1.attn,0,-43.5,-43.25,0
model.22.m.0.1.attn,0,-43.25,-43.0,0
model.22.m.0.1.attn,0,-43.0,-42.75,0
model.22.m.0.1.attn,0,-42.75,-42.5,0
model.22.m.0.1.attn,0,-42.5,-42.25,0
model.22.m.0.1.attn,0,-42.25,-42.0,0
model.22.m.0.1.attn,0,-42.0,-41.75,0
model.22.m.0.1.attn,0,-41.75,-41.5,0
model.22.m.0.1.attn,0,-41.5,-41.25,0
model.22.m.0.1.attn,0,-41.25,-41.0,0
model.22.m.0.1.attn,0,-41.0,-40.75,0
model.22.m.0.1.attn,0,-40.75,-40.5,0
model.22.m.0.1.attn,0,-40.5,-40.25,0
model.22.m.0.1.attn,0,-40.25,-40.0,0
model.22.m.0.1.attn,0,-40.0,-39.75,0
model.22.m.0.1.attn,0,-39.75,-39.5,0
model.22.m.0.1.attn,0,-39.5,-39.25,0
model.22.m.0.1.attn,0,-39.25,-39.0,0
model.22.m.0.1.attn,0,-39.0,-38.75,0
model.22.m.0.1.attn,0,-38.75,-38.5,0
model.22.m.0.1.attn,0,-38.5,-38.25,0
model.22.m.0.1.attn,0,-38.25,-38.0,0
model.22.m.0.1.attn,0,-38.0,-37.75,0
model.22.m.0.1.attn,0,-37.75,-37.5,0
model.22.m.0.1.attn,0,-37.5,-37.25,0
model.22.m.0.1.attn,0,-37.25,-37.0,0
model.22.m.0.1.attn,0,-37.0,-36.75,0
model.22.m.0.1.attn,0,-36.75,-36.5,0
model.22.m.0.1.attn,0,-36.5,-36.25,0
model.22.m.0.1.attn,0,-36.25,-36.0,0
model.22.m.0.1.attn,0,-36.0,-35.75,0
model.22.m.0.1.attn,0,-35.75,-35.5,0
model.22.m.0.1.attn,0,-35.5,-35.25,0
model.22.m.0.1.attn,0,-35.25,-35.0,0
model.22.m.0.1.attn,0,-35.0,-34.75,0
model.22.m.0.1.attn,0,-34.75,-34.5,0
model.22.m.0.1.attn,0,-34.5,-34.25,0
model.22.m.0.1.attn,0,-34.25,-34.0,0
model.22.m.0.1.attn,0,-34.0,-33.75,0
model.22.m.0.1.attn,0,-33.75,-33.5,0
model.22.m.0.1.attn,0,-33.5,-33.25,0
model.22.m.0.1.attn,0,-33.25,-33.0,0
model.22.m.0.1.attn,0,-33.0,-32.75,0
model.22.m.0.1.attn,0,-32.75,-32.5,0
model.22.m.0.1.attn,0,-32.5,-32.25,0
model.22.m.0.1.attn,0,-32.25,-32.0,0
model.22.m.0.1.attn,0,-32.0,-31.75,0
model.22.m.0.1.attn,0,-31.75,-31.5,0
model.22.m.0.1.attn,0,-31.5,-31.25,0
model.22.m.0.1.attn,0,-31.25,-31.0,0
model.22.m.0.1.attn,0,-31.0,-30.75,0
model.22.m.0.1.attn,0,-30.75,-30.5,0
model.22.m.0.1.attn,0,-30.5,-30.25,0
model.22.m.0.1.attn,0,-30.25,-30.0,0
model.22.m.0.1.attn,0,-30.0,-29.75,0
model.22.m.0.1.attn,0,-29.75,-29.5,0
model.22.m.0.1.attn,0,-29.5,-29.25,0
model.22.m.0.1.attn,0,-29.25,-29.0,0
model.22.m.0.1.attn,0,-29.0,-28.75,0
model.22.m.0.1.attn,0,-28.75,-28.5,0
model.22.m.0.1.attn,0,-28.5,-28.25,0
model.22.m.0.1.attn,0,-28.25,-28.0,0
model.22.m.0.1.attn,0,-28.0,-27.75,0
model.22.m.0.1.attn,0,-27.75,-27.5,0
model.22.m.0.1.attn,0,-27.5,-27.25,0
model.22.m.0.1.attn,0,-27.25,-27.0,0
model.22.m.0.1.attn,0,-27.0,-26.75,0
model.22.m.0.1.attn,0,-26.75,-26.5,0
model.22.m.0.1.attn,0,-26.5,-26.25,0
model.22.m.0.1.attn,0,-26.25,-26.0,0
model.22.m.0.1.attn,0,-26.0,-25.75,0
model.22.m.0.1.attn,0,-25.75,-25.5,0
model.22.m.0.1.attn,0,-25.5,-25.25,0
model.22.m.0.1.attn,0,-25.25,-25.0,0
model.22.m.0.1.attn,0,-25.0,-24.75,0
model.22.m.0.1.attn,0,-24.75,-24.5,0
model.22.m.0.1.attn,0,-24.5,-24.25,0
model.22.m.0.1.attn,0,-24.25,-24.0,0
model.22.m.0.1.attn,0,-24.0,-23.75,0
model.22.m.0.1.attn,0,-23.75,-23.5,0
model.22.m.0.1.attn,0,-23.5,-23.25,0
model.22.m.0.1.attn,0,-23.25,-23.0,0
model.22.m.0.1.attn,0,-23.0,-22.75,0
model.22.m.0.1.attn,0,-22.75,-22.5,0
model.22.m.0.1.attn,0,-22.5,-22.25,0
model.22.m.0.1.attn,0,-22.25,-22.0,0
model.22.m.0.1.attn,0,-22.0,-21.75,0
model.22.m.0.1.attn,0,-21.75,-21.5,0
model.22.m.0.1.attn,0,-21.5,-21.25,0
model.22.m.0.1.attn,0,-21.25,-21.0,0
model.22.m.0.1.attn,0,-21.0,-20.75,0
model.22.m.0.1.attn,0,-20.75,-20.5,0
model.22.m.0.1.attn,0,-20.5,-20.25,0
model.22.m.0.1.attn,0,-20.25,-20.0,0
model.22.m.0.1.attn,0,-20.0,-19.75,0
model.22.m.0.1.attn,0,-19.75,-19.5,0
model.22.m.0.1.attn,0,-19.5,-19.25,0
model.22.m.0.1.attn,0,-19.25,-19.0,1
model.22.m.0.1.attn,0,-19.0,-18.75,0
model.22.m.0.1.attn,0,-18.75,-18.5,1
model.22.m.0.1.attn,0,-18.5,-18.25,6
model.22.m.0.1.attn,0,-18.25,-18.0,12
model.22.m.0.1.attn,0,-18.0,-17.75,20
model.22.m.0.1.attn,0,-17.75,-17.5,36
model.22.m.0.1.attn,0,-17.5,-17.25,76
model.22.m.0.1.attn,0,-17.25,-17.0,123
model.22.m.0.1.attn,0,-17.0,-16.75,206
model.22.m.0.1.attn,0,-16.75,-16.5,345
model.22.m.0.1.attn,0,-16.5,-16.25,562
model.22.m.0.1.attn,0,-16.25,-16.0,886
model.22.m.0.1.attn,0,-16.0,-15.75,1393
model.22.m.0.1.attn,0,-15.75,-15.5,2066
model.22.m.0.1.attn,0,-15.5,-15.25,2968
model.22.m.0.1.attn,0,-15.25,-15.0,3878
model.22.m.0.1.attn,0,-15.0,-14.75,5001
model.22.m.0.1.attn,0,-14.75,-14.5,6462
model.22.m.0.1.attn,0,-14.5,-14.25,8254
model.22.m.0.1.attn,0,-14.25,-14.0,10349
model.22.m.0.1.attn,0,-14.0,-13.75,12894
model.22.m.0.1.attn,0,-13.75,-13.5,16548
model.22.m.0.1.attn,0,-13.5,-13.25,21070
model.22.m.0.1.attn,0,-13.25,-13.0,27446
model.22.m.0.1.attn,0,-13.0,-12.75,35649
model.22.m.0.1.attn,0,-12.75,-12.5,45987
model.22.m.0.1.attn,0,-12.5,-12.25,59231
model.22.m.0.1.attn,0,-12.25,-12.0,76491
model.22.m.0.1.attn,0,-12.0,-11.75,97374
model.22.m.0.1.attn,0,-11.75,-11.5,123528
model.22.m.0.1.attn,0,-11.5,-11.25,155298
model.22.m.0.1.attn,0,-11.25,-11.0,195863
model.22.m.0.1.attn,0,-11.0,-10.75,245186
model.22.m.0.1.attn,0,-10.75,-10.5,308214
model.22.m.0.1.attn,0,-10.5,-10.25,387102
model.22.m.0.1.attn,0,-10.25,-10.0,484549
model.22.m.0.1.attn,0,-10.0,-9.75,605662
model.22.m.0.1.attn,0,-9.75,-9.5,753783
model.22.m.0.1.attn,0,-9.5,-9.25,931841
model.22.m.0.1.attn,0,-9.25,-9.0,1144033
model.22.m.0.1.attn,0,-9.0,-8.75,1397785
model.22.m.0.1.attn,0,-8.75,-8.5,1691336
model.22.m.0.1.attn,0,-8.5,-8.25,2032691
model.22.m.0.1.attn,0,-8.25,-8.0,2434672
model.22.m.0.1.attn,0,-8.0,-7.75,2908604
model.22.m.0.1.attn,0,-7.75,-7.5,3467357
model.22.m.0.1.attn,0,-7.5,-7.25,4140151
model.22.m.0.1.attn,0,-7.25,-7.0,4954730
model.22.m.0.1.attn,0,-7.0,-6.75,5953997
model.22.m.0.1.attn,0,-6.75,-6.5,7169542
model.22.m.0.1.attn,0,-6.5,-6.25,8631007
model.22.m.0.1.attn,0,-6.25,-6.0,10369974
model.22.m.0.1.attn,0,-6.0,-5.75,12376941
model.22.m.0.1.attn,0,-5.75,-5.5,14654163
model.22.m.0.1.attn,0,-5.5,-5.25,17154985
model.22.m.0.1.attn,0,-5.25,-5.0,19782410
model.22.m.0.1.attn,0,-5.0,-4.75,22449514
model.22.m.0.1.attn,0,-4.75,-4.5,25003971
model.22.m.0.1.attn,0,-4.5,-4.25,27294397
model.22.m.0.1.attn,0,-4.25,-4.0,29181455
model.22.m.0.1.attn,0,-4.0,-3.75,30502883
model.22.m.0.1.attn,0,-3.75,-3.5,31138973
model.22.m.0.1.attn,0,-3.5,-3.25,31043049
model.22.m.0.1.attn,0,-3.25,-3.0,30195373
model.22.m.0.1.attn,0,-3.0,-2.75,28632330
model.22.m.0.1.attn,0,-2.75,-2.5,26422598
model.22.m.0.1.attn,0,-2.5,-2.25,23736831
model.22.m.0.1.attn,0,-2.25,-2.0,20702047
model.22.m.0.1.attn,0,-2.0,-1.75,17486838
model.22.m.0.1.attn,0,-1.75,-1.5,14264138
model.22.m.0.1.attn,0,-1.5,-1.25,11214894
model.22.m.0.1.attn,0,-1.25,-1.0,8424184
model.22.m.0.1.attn,0,-1.0,-0.75,6027724
model.22.m.0.1.attn,0,-0.75,-0.5,4074559
model.22.m.0.1.attn,0,-0.5,-0.25,2587221
model.22.m.0.1.attn,0,-0.25,0.0,3131843
model.22.m.0.1.attn,1,-64.0,-63.75,0
model.22.m.0.1.attn,1,-63.75,-63.5,0
model.22.m.0.1.attn,1,-63.5,-63.25,0
model.22.m.0.1.attn,1,-63.25,-63.0,0
model.22.m.0.1.attn,1,-63.0,-62.75,0
model.22.m.0.1.attn,1,-62.75,-62.5,0
model.22.m.0.1.attn,1,-62.5,-62.25,0
model.22.m.0.1.attn,1,-62.25,-62.0,0
model.22.m.0.1.attn,1,-62.0,-61.75,0
model.22.m.0.1.attn,1,-61.75,-61.5,0
model.22.m.0.1.attn,1,-61.5,-61.25,0
model.22.m.0.1.attn,1,-61.25,-61.0,0
model.22.m.0.1.attn,1,-61.0,-60.75,0
model.22.m.0.1.attn,1,-60.75,-60.5,0
model.22.m.0.1.attn,1,-60.5,-60.25,0
model.22.m.0.1.attn,1,-60.25,-60.0,0
model.22.m.0.1.attn,1,-60.0,-59.75,0
model.22.m.0.1.attn,1,-59.75,-59.5,0
model.22.m.0.1.attn,1,-59.5,-59.25,0
model.22.m.0.1.attn,1,-59.25,-59.0,0
model.22.m.0.1.attn,1,-59.0,-58.75,0
model.22.m.0.1.attn,1,-58.75,-58.5,0
model.22.m.0.1.attn,1,-58.5,-58.25,0
model.22.m.0.1.attn,1,-58.25,-58.0,0
model.22.m.0.1.attn,1,-58.0,-57.75,0
model.22.m.0.1.attn,1,-57.75,-57.5,0
model.22.m.0.1.attn,1,-57.5,-57.25,0
model.22.m.0.1.attn,1,-57.25,-57.0,0
model.22.m.0.1.attn,1,-57.0,-56.75,0
model.22.m.0.1.attn,1,-56.75,-56.5,0
model.22.m.0.1.attn,1,-56.5,-56.25,0
model.22.m.0.1.attn,1,-56.25,-56.0,0
model.22.m.0.1.attn,1,-56.0,-55.75,0
model.22.m.0.1.attn,1,-55.75,-55.5,0
model.22.m.0.1.attn,1,-55.5,-55.25,0
model.22.m.0.1.attn,1,-55.25,-55.0,0
model.22.m.0.1.attn,1,-55.0,-54.75,0
model.22.m.0.1.attn,1,-54.75,-54.5,0
model.22.m.0.1.attn,1,-54.5,-54.25,0
model.22.m.0.1.attn,1,-54.25,-54.0,0
model.22.m.0.1.attn,1,-54.0,-53.75,0
model.22.m.0.1.attn,1,-53.75,-53.5,0
model.22.m.0.1.attn,1,-53.5,-53.25,0
model.22.m.0.1.attn,1,-53.25,-53.0,0
model.22.m.0.1.attn,1,-53.0,-52.75,0
model.22.m.0.1.attn,1,-52.75,-52.5,0
model.22.m.0.1.attn,1,-52.5,-52.25,0
model.22.m.0.1.attn,1,-52.25,-52.0,0
model.22.m.0.1.attn,1,-52.0,-51.75,0
model.22.m.0.1.attn,1,-51.75,-51.5,0
model.22.m.0.1.attn,1,-51.5,-51.25,0
model.22.m.0.1.attn,1,-51.25,-51.0,0
model.22.m.0.1.attn,1,-51.0,-50.75,0
model.22.m.0.1.attn,1,-50.75,-50.5,0
model.22.m.0.1.attn,1,-50.5,-50.25,0
model.22.m.0.1.attn,1,-50.25,-50.0,0
model.22.m.0.1.attn,1,-50.0,-49.75,0
model.22.m.0.1.attn,1,-49.75,-49.5,0
model.22.m.0.1.attn,1,-49.5,-49.25,0
model.22.m.0.1.attn,1,-49.25,-49.0,0
model.22.m.0.1.attn,1,-49.0,-48.75,0
model.22.m.0.1.attn,1,-48.75,-48.5,0
model.22.m.0.1.attn,1,-48.5,-48.25,0
model.22.m.0.1.attn,1,-48.25,-48.0,0
model.22.m.0.1.attn,1,-48.0,-47.75,0
model.22.m.0.1.attn,1,-47.75,-47.5,0
model.22.m.0.1.attn,1,-47.5,-47.25,0
model.22.m.0.1.attn,1,-47.25,-47.0,0
model.22.m.0.1.attn,1,-47.0,-46.75,0
model.22.m.0.1.attn,1,-46.75,-46.5,0
model.22.m.0.1.attn,1,-46.5,-46.25,0
model.22.m.0.1.attn,1,-46.25,-46.0,0
model.22.m.0.1.attn,1,-46.0,-45.75,0
model.22.m.0.1.attn,1,-45.75,-45.5,0
model.22.m.0.1.attn,1,-45.5,-45.25,0
model.22.m.0.1.attn,1,-45.25,-45.0,0
model.22.m.0.1.attn,1,-45.0,-44.75,0
model.22.m.0.1.attn,1,-44.75,-44.5,0
model.22.m.0.1.attn,1,-44.5,-44.25,0
model.22.m.0.1.attn,1,-44.25,-44.0,0
model.22.m.0.1.attn,1,-44.0,-43.75,0
model.22.m.0.1.attn,1,-43.75,-43.5,0
model.22.m.0.1.attn,1,-43.5,-43.25,0
model.22.m.0.1.attn,1,-43.25,-43.0,0
model.22.m.0.1.attn,1,-43.0,-42.75,0
model.22.m.0.1.attn,1,-42.75,-42.5,0
model.22.m.0.1.attn,1,-42.5,-42.25,0
model.22.m.0.1.attn,1,-42.25,-42.0,0
model.22.m.0.1.attn,1,-42.0,-41.75,0
model.22.m.0.1.attn,1,-41.75,-41.5,0
model.22.m.0.1.attn,1,-41.5,-41.25,0
model.22.m.0.1.attn,1,-41.25,-41.0,0
model.22.m.0.1.attn,1,-41.0,-40.75,0
model.22.m.0.1.attn,1,-40.75,-40.5,0
model.22.m.0.1.attn,1,-40.5,-40.25,0
model.22.m.0.1.attn,1,-40.25,-40.0,0
model.22.m.0.1.attn,1,-40.0,-39.75,0
model.22.m.0.1.attn,1,-39.75,-39.5,0
model.22.m.0.1.attn,1,-39.5,-39.25,0
model.22.m.0.1.attn,1,-39.25,-39.0,0
model.22.m.0.1.attn,1,-39.0,-38.75,0
model.22.m.0.1.attn,1,-38.75,-38.5,0
model.22.m.0.1.attn,1,-38.5,-38.25,0
model.22.m.0.1.attn,1,-38.25,-38.0,0
model.22.m.0.1.attn,1,-38.0,-37.75,0
model.22.m.0.1.attn,1,-37.75,-37.5,0
model.22.m.0.1.attn,1,-37.5,-37.25,0
model.22.m.0.1.attn,1,-37.25,-37.0,0
model.22.m.0.1.attn,1,-37.0,-36.75,0
model.22.m.0.1.attn,1,-36.75,-36.5,0
model.22.m.0.1.attn,1,-36.5,-36.25,0
model.22.m.0.1.attn,1,-36.25,-36.0,0
model.22.m.0.1.attn,1,-36.0,-35.75,0
model.22.m.0.1.attn,1,-35.75,-35.5,0
model.22.m.0.1.attn,1,-35.5,-35.25,0
model.22.m.0.1.attn,1,-35.25,-35.0,0
model.22.m.0.1.attn,1,-35.0,-34.75,0
model.22.m.0.1.attn,1,-34.75,-34.5,0
model.22.m.0.1.attn,1,-34.5,-34.25,0
model.22.m.0.1.attn,1,-34.25,-34.0,0
model.22.m.0.1.attn,1,-34.0,-33.75,0
model.22.m.0.1.attn,1,-33.75,-33.5,0
model.22.m.0.1.attn,1,-33.5,-33.25,0
model.22.m.0.1.attn,1,-33.25,-33.0,1
model.22.m.0.1.attn,1,-33.0,-32.75,0
model.22.m.0.1.attn,1,-32.75,-32.5,0
model.22.m.0.1.attn,1,-32.5,-32.25,0
model.22.m.0.1.attn,1,-32.25,-32.0,0
model.22.m.0.1.attn,1,-32.0,-31.75,2
model.22.m.0.1.attn,1,-31.75,-31.5,1
model.22.m.0.1.attn,1,-31.5,-31.25,2
model.22.m.0.1.attn,1,-31.25,-31.0,1
model.22.m.0.1.attn,1,-31.0,-30.75,5
model.22.m.0.1.attn,1,-30.75,-30.5,5
model.22.m.0.1.attn,1,-30.5,-30.25,5
model.22.m.0.1.attn,1,-30.25,-30.0,9
model.22.m.0.1.attn,1,-30.0,-29.75,13
model.22.m.0.1.attn,1,-29.75,-29.5,15
model.22.m.0.1.attn,1,-29.5,-29.25,13
model.22.m.0.1.attn,1,-29.25,-29.0,22
model.22.m.0.1.attn,1,-29.0,-28.75,21
model.22.m.0.1.attn,1,-28.75,-28.5,38
model.22.m.0.1.attn,1,-28.5,-28.25,43
model.22.m.0.1.attn,1,-28.25,-28.0,71
model.22.m.0.1.attn,1,-28.0,-27.75,74
model.22.m.0.1.attn,1,-27.75,-27.5,93
model.22.m.0.1.attn,1,-27.5,-27.25,124
model.22.m.0.1.attn,1,-27.25,-27.0,177
model.22.m.0.1.attn,1,-27.0,-26.75,180
model.22.m.0.1.attn,1,-26.75,-26.5,304
model.22.m.0.1.attn,1,-26.5,-26.25,316
model.22.m.0.1.attn,1,-26.25,-26.0,428
model.22.m.0.1.attn,1,-26.0,-25.75,471
model.22.m.0.1.attn,1,-25.75,-25.5,606
model.22.m.0.1.attn,1,-25.5,-25.25,702
model.22.m.0.1.attn,1,-25.25,-25.0,1001
model.22.m.0.1.attn,1,-25.0,-24.75,1106
model.22.m.0.1.attn,1,-24.75,-24.5,1600
model.22.m.0.1.attn,1,-24.5,-24.25,1706
model.22.m.0.1.attn,1,-24.25,-24.0,2249
model.22.m.0.1.attn,1,-24.0,-23.75,2612
model.22.m.0.1.attn,1,-23.75,-23.5,3404
model.22.m.0.1.attn,1,-23.5,-23.25,4186
model.22.m.0.1.attn,1,-23.25,-23.0,5164
model.22.m.0.1.attn,1,-23.0,-22.75,6266
model.22.m.0.1.attn,1,-22.75,-22.5,7815
model.22.m.0.1.attn,1,-22.5,-22.25,9232
model.22.m.0.1.attn,1,-22.25,-22.0,11288
model.22.m.0.1.attn,1,-22.0,-21.75,13409
model.22.m.0.1.attn,1,-21.75,-21.5,16821
model.22.m.0.1.attn,1,-21.5,-21.25,19294
model.22.m.0.1.attn,1,-21.25,-21.0,24136
model.22.m.0.1.attn,1,-21.0,-20.75,28417
model.22.m.0.1.attn,1,-20.75,-20.5,34340
model.22.m.0.1.attn,1,-20.5,-20.25,40634
model.22.m.0.1.attn,1,-20.25,-20.0,48581
model.22.m.0.1.attn,1,-20.0,-19.75,57041
model.22.m.0.1.attn,1,-19.75,-19.5,67420
model.22.m.0.1.attn,1,-19.5,-19.25,79069
model.22.m.0.1.attn,1,-19.25,-19.0,93519
model.22.m.0.1.attn,1,-19.0,-18.75,109600
model.22.m.0.1.attn,1,-18.75,-18.5,127143
model.22.m.0.1.attn,1,-18.5,-18.25,149161
model.22.m.0.1.attn,1,-18.25,-18.0,172801
model.22.m.0.1.attn,1,-18.0,-17.75,201360
model.22.m.0.1.attn,1,-17.75,-17.5,231842
model.22.m.0.1.attn,1,-17.5,-17.25,269323
model.22.m.0.1.attn,1,-17.25,-17.0,306131
model.22.m.0.1.attn,1,-17.0,-16.75,357780
model.22.m.0.1.attn,1,-16.75,-16.5,403218
model.22.m.0.1.attn,1,-16.5,-16.25,466750
model.22.m.0.1.attn,1,-16.25,-16.0,525258
model.22.m.0.1.attn,1,-16.0,-15.75,605202
model.22.m.0.1.attn,1,-15.75,-15.5,677336
model.22.m.0.1.attn,1,-15.5,-15.25,777922
model.22.m.0.1.attn,1,-15.25,-15.0,866934
model.22.m.0.1.attn,1,-15.0,-14.75,989113
model.22.m.0.1.attn,1,-14.75,-14.5,1099886
model.22.m.0.1.attn,1,-14.5,-14.25,1251237
model.22.m.0.1.attn,1,-14.25,-14.0,1386504
model.22.m.0.1.attn,1,-14.0,-13.75,1570341
model.22.m.0.1.attn,1,-13.75,-13.5,1735928
model.22.m.0.1.attn,1,-13.5,-13.25,1954981
model.22.m.0.1.attn,1,-13.25,-13.0,2162524
model.22.m.0.1.attn,1,-13.0,-12.75,2420561
model.22.m.0.1.attn,1,-12.75,-12.5,2675623
model.22.m.0.1.attn,1,-12.5,-12.25,2986053
model.22.m.0.1.attn,1,-12.25,-12.0,3294352
model.22.m.0.1.attn,1,-12.0,-11.75,3663899
model.22.m.0.1.attn,1,-11.75,-11.5,4039561
model.22.m.0.1.attn,1,-11.5,-11.25,4475780
model.22.m.0.1.attn,1,-11.25,-11.0,4925469
model.22.m.0.1.attn,1,-11.0,-10.75,5448201
model.22.m.0.1.attn,1,-10.75,-10.5,5982175
model.22.m.0.1.attn,1,-10.5,-10.25,6573280
model.22.m.0.1.attn,1,-10.25,-10.0,7199886
model.22.m.0.1.attn,1,-10.0,-9.75,7879606
model.22.m.0.1.attn,1,-9.75,-9.5,8576639
model.22.m.0.1.attn,1,-9.5,-9.25,9330711
model.22.m.0.1.attn,1,-9.25,-9.0,10110650
model.22.m.0.1.attn,1,-9.0,-8.75,10906887
model.22.m.0.1.attn,1,-8.75,-8.5,11712691
model.22.m.0.1.attn,1,-8.5,-8.25,12538428
model.22.m.0.1.attn,1,-8.25,-8.0,13336755
model.22.m.0.1.attn,1,-8.0,-7.75,14135100
model.22.m.0.1.attn,1,-7.75,-7.5,14864855
model.22.m.0.1.attn,1,-7.5,-7.25,15584786
model.22.m.0.1.attn,1,-7.25,-7.0,16179815
model.22.m.0.1.attn,1,-7.0,-6.75,16754818
model.22.m.0.1.attn,1,-6.75,-6.5,17137039
model.22.m.0.1.attn,1,-6.5,-6.25,17493989
model.22.m.0.1.attn,1,-6.25,-6.0,17631300
model.22.m.0.1.attn,1,-6.0,-5.75,17722483
model.22.m.0.1.attn,1,-5.75,-5.5,17551977
model.22.m.0.1.attn,1,-5.5,-5.25,17364874
model.22.m.0.1.attn,1,-5.25,-5.0,16913893
model.22.m.0.1.attn,1,-5.0,-4.75,16461866
model.22.m.0.1.attn,1,-4.75,-4.5,15749562
model.22.m.0.1.attn,1,-4.5,-4.25,15062026
model.22.m.0.1.attn,1,-4.25,-4.0,14167205
model.22.m.0.1.attn,1,-4.0,-3.75,13294457
model.22.m.0.1.attn,1,-3.75,-3.5,12263451
model.22.m.0.1.attn,1,-3.5,-3.25,11277929
model.22.m.0.1.attn,1,-3.25,-3.0,10194006
model.22.m.0.1.attn,1,-3.0,-2.75,9181263
model.22.m.0.1.attn,1,-2.75,-2.5,8099580
model.22.m.0.1.attn,1,-2.5,-2.25,7095151
model.22.m.0.1.attn,1,-2.25,-2.0,6082166
model.22.m.0.1.attn,1,-2.0,-1.75,5167475
model.22.m.0.1.attn,1,-1.75,-1.5,4274473
model.22.m.0.1.attn,1,-1.5,-1.25,3486762
model.22.m.0.1.attn,1,-1.25,-1.0,2766948
model.22.m.0.1.attn,1,-1.0,-0.75,2145821
model.22.m.0.1.attn,1,-0.75,-0.5,1617891
model.22.m.0.1.attn,1,-0.5,-0.25,1184165
model.22.m.0.1.attn,1,-0.25,0.0,2438901
model.22.m.0.1.attn,2,-64.0,-63.75,0
model.22.m.0.1.attn,2,-63.75,-63.5,0
model.22.m.0.1.attn,2,-63.5,-63.25,0
model.22.m.0.1.attn,2,-63.25,-63.0,0
model.22.m.0.1.attn,2,-63.0,-62.75,0
model.22.m.0.1.attn,2,-62.75,-62.5,0
model.22.m.0.1.attn,2,-62.5,-62.25,0
model.22.m.0.1.attn,2,-62.25,-62.0,0
model.22.m.0.1.attn,2,-62.0,-61.75,0
model.22.m.0.1.attn,2,-61.75,-61.5,0
model.22.m.0.1.attn,2,-61.5,-61.25,0
model.22.m.0.1.attn,2,-61.25,-61.0,0
model.22.m.0.1.attn,2,-61.0,-60.75,0
model.22.m.0.1.attn,2,-60.75,-60.5,0
model.22.m.0.1.attn,2,-60.5,-60.25,0
model.22.m.0.1.attn,2,-60.25,-60.0,0
model.22.m.0.1.attn,2,-60.0,-59.75,0
model.22.m.0.1.attn,2,-59.75,-59.5,0
model.22.m.0.1.attn,2,-59.5,-59.25,0
model.22.m.0.1.attn,2,-59.25,-59.0,0
model.22.m.0.1.attn,2,-59.0,-58.75,0
model.22.m.0.1.attn,2,-58.75,-58.5,0
model.22.m.0.1.attn,2,-58.5,-58.25,0
model.22.m.0.1.attn,2,-58.25,-58.0,0
model.22.m.0.1.attn,2,-58.0,-57.75,0
model.22.m.0.1.attn,2,-57.75,-57.5,0
model.22.m.0.1.attn,2,-57.5,-57.25,0
model.22.m.0.1.attn,2,-57.25,-57.0,0
model.22.m.0.1.attn,2,-57.0,-56.75,0
model.22.m.0.1.attn,2,-56.75,-56.5,0
model.22.m.0.1.attn,2,-56.5,-56.25,0
model.22.m.0.1.attn,2,-56.25,-56.0,0
model.22.m.0.1.attn,2,-56.0,-55.75,0
model.22.m.0.1.attn,2,-55.75,-55.5,0
model.22.m.0.1.attn,2,-55.5,-55.25,0
model.22.m.0.1.attn,2,-55.25,-55.0,0
model.22.m.0.1.attn,2,-55.0,-54.75,0
model.22.m.0.1.attn,2,-54.75,-54.5,0
model.22.m.0.1.attn,2,-54.5,-54.25,0
model.22.m.0.1.attn,2,-54.25,-54.0,0
model.22.m.0.1.attn,2,-54.0,-53.75,0
model.22.m.0.1.attn,2,-53.75,-53.5,0
model.22.m.0.1.attn,2,-53.5,-53.25,0
model.22.m.0.1.attn,2,-53.25,-53.0,0
model.22.m.0.1.attn,2,-53.0,-52.75,0
model.22.m.0.1.attn,2,-52.75,-52.5,0
model.22.m.0.1.attn,2,-52.5,-52.25,0
model.22.m.0.1.attn,2,-52.25,-52.0,0
model.22.m.0.1.attn,2,-52.0,-51.75,0
model.22.m.0.1.attn,2,-51.75,-51.5,0
model.22.m.0.1.attn,2,-51.5,-51.25,0
model.22.m.0.1.attn,2,-51.25,-51.0,0
model.22.m.0.1.attn,2,-51.0,-50.75,0
model.22.m.0.1.attn,2,-50.75,-50.5,0
model.22.m.0.1.attn,2,-50.5,-50.25,0
model.22.m.0.1.attn,2,-50.25,-50.0,0
model.22.m.0.1.attn,2,-50.0,-49.75,0
model.22.m.0.1.attn,2,-49.75,-49.5,0
model.22.m.0.1.attn,2,-49.5,-49.25,0
model.22.m.0.1.attn,2,-49.25,-49.0,0
model.22.m.0.1.attn,2,-49.0,-48.75,0
model.22.m.0.1.attn,2,-48.75,-48.5,0
model.22.m.0.1.attn,2,-48.5,-48.25,0
model.22.m.0.1.attn,2,-48.25,-48.0,0
model.22.m.0.1.attn,2,-48.0,-47.75,0
model.22.m.0.1.attn,2,-47.75,-47.5,0
model.22.m.0.1.attn,2,-47.5,-47.25,0
model.22.m.0.1.attn,2,-47.25,-47.0,0
model.22.m.0.1.attn,2,-47.0,-46.75,0
model.22.m.0.1.attn,2,-46.75,-46.5,0
model.22.m.0.1.attn,2,-46.5,-46.25,0
model.22.m.0.1.attn,2,-46.25,-46.0,0
model.22.m.0.1.attn,2,-46.0,-45.75,0
model.22.m.0.1.attn,2,-45.75,-45.5,0
model.22.m.0.1.attn,2,-45.5,-45.25,0
model.22.m.0.1.attn,2,-45.25,-45.0,0
model.22.m.0.1.attn,2,-45.0,-44.75,0
model.22.m.0.1.attn,2,-44.75,-44.5,0
model.22.m.0.1.attn,2,-44.5,-44.25,0
model.22.m.0.1.attn,2,-44.25,-44.0,0
model.22.m.0.1.attn,2,-44.0,-43.75,0
model.22.m.0.1.attn,2,-43.75,-43.5,0
model.22.m.0.1.attn,2,-43.5,-43.25,0
model.22.m.0.1.attn,2,-43.25,-43.0,0
model.22.m.0.1.attn,2,-43.0,-42.75,0
model.22.m.0.1.attn,2,-42.75,-42.5,0
model.22.m.0.1.attn,2,-42.5,-42.25,0
model.22.m.0.1.attn,2,-42.25,-42.0,0
model.22.m.0.1.attn,2,-42.0,-41.75,0
model.22.m.0.1.attn,2,-41.75,-41.5,0
model.22.m.0.1.attn,2,-41.5,-41.25,0
model.22.m.0.1.attn,2,-41.25,-41.0,0
model.22.m.0.1.attn,2,-41.0,-40.75,0
model.22.m.0.1.attn,2,-40.75,-40.5,0
model.22.m.0.1.attn,2,-40.5,-40.25,0
model.22.m.0.1.attn,2,-40.25,-40.0,0
model.22.m.0.1.attn,2,-40.0,-39.75,0
model.22.m.0.1.attn,2,-39.75,-39.5,0
model.22.m.0.1.attn,2,-39.5,-39.25,0
model.22.m.0.1.attn,2,-39.25,-39.0,0
model.22.m.0.1.attn,2,-39.0,-38.75,0
model.22.m.0.1.attn,2,-38.75,-38.5,0
model.22.m.0.1.attn,2,-38.5,-38.25,0
model.22.m.0.1.attn,2,-38.25,-38.0,0
model.22.m.0.1.attn,2,-38.0,-37.75,0
model.22.m.0.1.attn,2,-37.75,-37.5,0
model.22.m.0.1.attn,2,-37.5,-37.25,0
model.22.m.0.1.attn,2,-37.25,-37.0,0
model.22.m.0.1.attn,2,-37.0,-36.75,0
model.22.m.0.1.attn,2,-36.75,-36.5,0
model.22.m.0.1.attn,2,-36.5,-36.25,0
model.22.m.0.1.attn,2,-36.25,-36.0,0
model.22.m.0.1.attn,2,-36.0,-35.75,0
model.22.m.0.1.attn,2,-35.75,-35.5,0
model.22.m.0.1.attn,2,-35.5,-35.25,0
model.22.m.0.1.attn,2,-35.25,-35.0,0
model.22.m.0.1.attn,2,-35.0,-34.75,0
model.22.m.0.1.attn,2,-34.75,-34.5,0
model.22.m.0.1.attn,2,-34.5,-34.25,0
model.22.m.0.1.attn,2,-34.25,-34.0,0
model.22.m.0.1.attn,2,-34.0,-33.75,1
model.22.m.0.1.attn,2,-33.75,-33.5,0
model.22.m.0.1.attn,2,-33.5,-33.25,0
model.22.m.0.1.attn,2,-33.25,-33.0,0
model.22.m.0.1.attn,2,-33.0,-32.75,0
model.22.m.0.1.attn,2,-32.75,-32.5,0
model.22.m.0.1.attn,2,-32.5,-32.25,0
model.22.m.0.1.attn,2,-32.25,-32.0,0
model.22.m.0.1.attn,2,-32.0,-31.75,0
model.22.m.0.1.attn,2,-31.75,-31.5,0
model.22.m.0.1.attn,2,-31.5,-31.25,0
model.22.m.0.1.attn,2,-31.25,-31.0,0
model.22.m.0.1.attn,2,-31.0,-30.75,1
model.22.m.0.1.attn,2,-30.75,-30.5,1
model.22.m.0.1.attn,2,-30.5,-30.25,1
model.22.m.0.1.attn,2,-30.25,-30.0,3
model.22.m.0.1.attn,2,-30.0,-29.75,1
model.22.m.0.1.attn,2,-29.75,-29.5,3
model.22.m.0.1.attn,2,-29.5,-29.25,5
model.22.m.0.1.attn,2,-29.25,-29.0,8
model.22.m.0.1.attn,2,-29.0,-28.75,8
model.22.m.0.1.attn,2,-28.75,-28.5,4
model.22.m.0.1.attn,2,-28.5,-28.25,6
model.22.m.0.1.attn,2,-28.25,-28.0,18
model.22.m.0.1.attn,2,-28.0,-27.75,27
model.22.m.0.1.attn,2,-27.75,-27.5,30
model.22.m.0.1.attn,2,-27.5,-27.25,38
model.22.m.0.1.attn,2,-27.25,-27.0,57
model.22.m.0.1.attn,2,-27.0,-26.75,74
model.22.m.0.1.attn,2,-26.75,-26.5,114
model.22.m.0.1.attn,2,-26.5,-26.25,118
model.22.m.0.1.attn,2,-26.25,-26.0,200
model.22.m.0.1.attn,2,-26.0,-25.75,218
model.22.m.0.1.attn,2,-25.75,-25.5,262
model.22.m.0.1.attn,2,-25.5,-25.25,380
model.22.m.0.1.attn,2,-25.25,-25.0,526
model.22.m.0.1.attn,2,-25.0,-24.75,647
model.22.m.0.1.attn,2,-24.75,-24.5,897
model.22.m.0.1.attn,2,-24.5,-24.25,1091
model.22.m.0.1.attn,2,-24.25,-24.0,1587
model.22.m.0.1.attn,2,-24.0,-23.75,1785
model.22.m.0.1.attn,2,-23.75,-23.5,2580
model.22.m.0.1.attn,2,-23.5,-23.25,3031
model.22.m.0.1.attn,2,-23.25,-23.0,4017
model.22.m.0.1.attn,2,-23.0,-22.75,4832
model.22.m.0.1.attn,2,-22.75,-22.5,6641
model.22.m.0.1.attn,2,-22.5,-22.25,8039
model.22.m.0.1.attn,2,-22.25,-22.0,10475
model.22.m.0.1.attn,2,-22.0,-21.75,12199
model.22.m.0.1.attn,2,-21.75,-21.5,16050
model.22.m.0.1.attn,2,-21.5,-21.25,18704
model.22.m.0.1.attn,2,-21.25,-21.0,25097
model.22.m.0.1.attn,2,-21.0,-20.75,28739
model.22.m.0.1.attn,2,-20.75,-20.5,38054
model.22.m.0.1.attn,2,-20.5,-20.25,43089
model.22.m.0.1.attn,2,-20.25,-20.0,56252
model.22.m.0.1.attn,2,-20.0,-19.75,63741
model.22.m.0.1.attn,2,-19.75,-19.5,82997
model.22.m.0.1.attn,2,-19.5,-19.25,92878
model.22.m.0.1.attn,2,-19.25,-19.0,120515
model.22.m.0.1.attn,2,-19.0,-18.75,133832
model.22.m.0.1.attn,2,-18.75,-18.5,172478
model.22.m.0.1.attn,2,-18.5,-18.25,190356
model.22.m.0.1.attn,2,-18.25,-18.0,243536
model.22.m.0.1.attn,2,-18.0,-17.75,267172
model.22.m.0.1.attn,2,-17.75,-17.5,338252
model.22.m.0.1.attn,2,-17.5,-17.25,369799
model.22.m.0.1.attn,2,-17.25,-17.0,464279
model.22.m.0.1.attn,2,-17.0,-16.75,506139
model.22.m.0.1.attn,2,-16.75,-16.5,630612
model.22.m.0.1.attn,2,-16.5,-16.25,681755
model.22.m.0.1.attn,2,-16.25,-16.0,843949
model.22.m.0.1.attn,2,-16.0,-15.75,906196
model.22.m.0.1.attn,2,-15.75,-15.5,1111677
model.22.m.0.1.attn,2,-15.5,-15.25,1187842
model.22.m.0.1.attn,2,-15.25,-15.0,1444821
model.22.m.0.1.attn,2,-15.0,-14.75,1537239
model.22.m.0.1.attn,2,-14.75,-14.5,1850950
model.22.m.0.1.attn,2,-14.5,-14.25,1962211
model.22.m.0.1.attn,2,-14.25,-14.0,2344446
model.22.m.0.1.attn,2,-14.0,-13.75,2473134
model.22.m.0.1.attn,2,-13.75,-13.5,2929007
model.22.m.0.1.attn,2,-13.5,-13.25,3075211
model.22.m.0.1.attn,2,-13.25,-13.0,3608297
model.22.m.0.1.attn,2,-13.0,-12.75,3771024
model.22.m.0.1.attn,2,-12.75,-12.5,4391015
model.22.m.0.1.attn,2,-12.5,-12.25,4575261
model.22.m.0.1.attn,2,-12.25,-12.0,5273248
model.22.m.0.1.attn,2,-12.0,-11.75,5472619
model.22.m.0.1.attn,2,-11.75,-11.5,6249593
model.22.m.0.1.attn,2,-11.5,-11.25,6464320
model.22.m.0.1.attn,2,-11.25,-11.0,7315377
model.22.m.0.1.attn,2,-11.0,-10.75,7528606
model.22.m.0.1.attn,2,-10.75,-10.5,8436919
model.22.m.0.1.attn,2,-10.5,-10.25,8642696
model.22.m.0.1.attn,2,-10.25,-10.0,9592187
model.22.m.0.1.attn,2,-10.0,-9.75,9770748
model.22.m.0.1.attn,2,-9.75,-9.5,10737856
model.22.m.0.1.attn,2,-9.5,-9.25,10875420
model.22.m.0.1.attn,2,-9.25,-9.0,11827441
model.22.m.0.1.attn,2,-9.0,-8.75,11921378
model.22.m.0.1.attn,2,-8.75,-8.5,12819959
model.22.m.0.1.attn,2,-8.5,-8.25,12868148
model.22.m.0.1.attn,2,-8.25,-8.0,13679699
model.22.m.0.1.attn,2,-8.0,-7.75,13666488
model.22.m.0.1.attn,2,-7.75,-7.5,14355505
model.22.m.0.1.attn,2,-7.5,-7.25,14301110
model.22.m.0.1.attn,2,-7.25,-7.0,14835658
model.22.m.0.1.attn,2,-7.0,-6.75,14744317
model.22.m.0.1.attn,2,-6.75,-6.5,15101917
model.22.m.0.1.attn,2,-6.5,-6.25,14967484
model.22.m.0.1.attn,2,-6.25,-6.0,15138459
model.22.m.0.1.attn,2,-6.0,-5.75,14959453
model.22.m.0.1.attn,2,-5.75,-5.5,14915554
model.22.m.0.1.attn,2,-5.5,-5.25,14649291
model.22.m.0.1.attn,2,-5.25,-5.0,14377112
model.22.m.0.1.attn,2,-5.0,-4.75,14015527
model.22.m.0.1.attn,2,-4.75,-4.5,13499308
model.22.m.0.1.attn,2,-4.5,-4.25,13010937
model.22.m.0.1.attn,2,-4.25,-4.0,12257310
model.22.m.0.1.attn,2,-4.0,-3.75,11651721
model.22.m.0.1.attn,2,-3.75,-3.5,10676035
model.22.m.0.1.attn,2,-3.5,-3.25,9997828
model.22.m.0.1.attn,2,-3.25,-3.0,8843691
model.22.m.0.1.attn,2,-3.0,-2.75,8143414
model.22.m.0.1.attn,2,-2.75,-2.5,6927596
model.22.m.0.1.attn,2,-2.5,-2.25,6254338
model.22.m.0.1.attn,2,-2.25,-2.0,5096423
model.22.m.0.1.attn,2,-2.0,-1.75,4498491
model.22.m.0.1.attn,2,-1.75,-1.5,3511596
model.22.m.0.1.attn,2,-1.5,-1.25,3008740
model.22.m.0.1.attn,2,-1.25,-1.0,2260730
model.22.m.0.1.attn,2,-1.0,-0.75,1856815
model.22.m.0.1.attn,2,-0.75,-0.5,1353872
model.22.m.0.1.attn,2,-0.5,-0.25,1048582
model.22.m.0.1.attn,2,-0.25,0.0,2347514
model.22.m.0.1.attn,3,-64.0,-63.75,0
model.22.m.0.1.attn,3,-63.75,-63.5,0
model.22.m.0.1.attn,3,-63.5,-63.25,0
model.22.m.0.1.attn,3,-63.25,-63.0,0
model.22.m.0.1.attn,3,-63.0,-62.75,0
model.22.m.0.1.attn,3,-62.75,-62.5,0
model.22.m.0.1.attn,3,-62.5,-62.25,0
model.22.m.0.1.attn,3,-62.25,-62.0,0
model.22.m.0.1.attn,3,-62.0,-61.75,0
model.22.m.0.1.attn,3,-61.75,-61.5,0
model.22.m.0.1.attn,3,-61.5,-61.25,0
model.22.m.0.1.attn,3,-61.25,-61.0,0
model.22.m.0.1.attn,3,-61.0,-60.75,0
model.22.m.0.1.attn,3,-60.75,-60.5,0
model.22.m.0.1.attn,3,-60.5,-60.25,0
model.22.m.0.1.attn,3,-60.25,-60.0,0
model.22.m.0.1.attn,3,-60.0,-59.75,0
model.22.m.0.1.attn,3,-59.75,-59.5,0
model.22.m.0.1.attn,3,-59.5,-59.25,0
model.22.m.0.1.attn,3,-59.25,-59.0,0
model.22.m.0.1.attn,3,-59.0,-58.75,0
model.22.m.0.1.attn,3,-58.75,-58.5,0
model.22.m.0.1.attn,3,-58.5,-58.25,0
model.22.m.0.1.attn,3,-58.25,-58.0,0
model.22.m.0.1.attn,3,-58.0,-57.75,0
model.22.m.0.1.attn,3,-57.75,-57.5,0
model.22.m.0.1.attn,3,-57.5,-57.25,0
model.22.m.0.1.attn,3,-57.25,-57.0,0
model.22.m.0.1.attn,3,-57.0,-56.75,0
model.22.m.0.1.attn,3,-56.75,-56.5,0
model.22.m.0.1.attn,3,-56.5,-56.25,0
model.22.m.0.1.attn,3,-56.25,-56.0,0
model.22.m.0.1.attn,3,-56.0,-55.75,0
model.22.m.0.1.attn,3,-55.75,-55.5,0
model.22.m.0.1.attn,3,-55.5,-55.25,0
model.22.m.0.1.attn,3,-55.25,-55.0,0
model.22.m.0.1.attn,3,-55.0,-54.75,0
model.22.m.0.1.attn,3,-54.75,-54.5,0
model.22.m.0.1.attn,3,-54.5,-54.25,0
model.22.m.0.1.attn,3,-54.25,-54.0,0
model.22.m.0.1.attn,3,-54.0,-53.75,0
model.22.m.0.1.attn,3,-53.75,-53.5,0
model.22.m.0.1.attn,3,-53.5,-53.25,0
model.22.m.0.1.attn,3,-53.25,-53.0,0
model.22.m.0.1.attn,3,-53.0,-52.75,0
model.22.m.0.1.attn,3,-52.75,-52.5,0
model.22.m.0.1.attn,3,-52.5,-52.25,0
model.22.m.0.1.attn,3,-52.25,-52.0,0
model.22.m.0.1.attn,3,-52.0,-51.75,0
model.22.m.0.1.attn,3,-51.75,-51.5,0
model.22.m.0.1.attn,3,-51.5,-51.25,0
model.22.m.0.1.attn,3,-51.25,-51.0,0
model.22.m.0.1.attn,3,-51.0,-50.75,0
model.22.m.0.1.attn,3,-50.75,-50.5,0
model.22.m.0.1.attn,3,-50.5,-50.25,0
model.22.m.0.1.attn,3,-50.25,-50.0,0
model.22.m.0.1.attn,3,-50.0,-49.75,0
model.22.m.0.1.attn,3,-49.75,-49.5,0
model.22.m.0.1.attn,3,-49.5,-49.25,0
model.22.m.0.1.attn,3,-49.25,-49.0,0
model.22.m.0.1.attn,3,-49.0,-48.75,0
model.22.m.0.1.attn,3,-48.75,-48.5,0
model.22.m.0.1.attn,3,-48.5,-48.25,0
model.22.m.0.1.attn,3,-48.25,-48.0,0
model.22.m.0.1.attn,3,-48.0,-47.75,0
model.22.m.0.1.attn,3,-47.75,-47.5,0
model.22.m.0.1.attn,3,-47.5,-47.25,0
model.22.m.0.1.attn,3,-47.25,-47.0,0
model.22.m.0.1.attn,3,-47.0,-46.75,0
model.22.m.0.1.attn,3,-46.75,-46.5,0
model.22.m.0.1.attn,3,-46.5,-46.25,0
model.22.m.0.1.attn,3,-46.25,-46.0,0
model.22.m.0.1.attn,3,-46.0,-45.75,0
model.22.m.0.1.attn,3,-45.75,-45.5,0
model.22.m.0.1.attn,3,-45.5,-45.25,0
model.22.m.0.1.attn,3,-45.25,-45.0,0
model.22.m.0.1.attn,3,-45.0,-44.75,0
model.22.m.0.1.attn,3,-44.75,-44.5,0
model.22.m.0.1.attn,3,-44.5,-44.25,0
model.22.m.0.1.attn,3,-44.25,-44.0,0
model.22.m.0.1.attn,3,-44.0,-43.75,0
model.22.m.0.1.attn,3,-43.75,-43.5,0
model.22.m.0.1.attn,3,-43.5,-43.25,0
model.22.m.0.1.attn,3,-43.25,-43.0,0
model.22.m.0.1.attn,3,-43.0,-42.75,0
model.22.m.0.1.attn,3,-42.75,-42.5,0
model.22.m.0.1.attn,3,-42.5,-42.25,0
model.22.m.0.1.attn,3,-42.25,-42.0,0
model.22.m.0.1.attn,3,-42.0,-41.75,0
model.22.m.0.1.attn,3,-41.75,-41.5,0
model.22.m.0.1.attn,3,-41.5,-41.25,0
model.22.m.0.1.attn,3,-41.25,-41.0,0
model.22.m.0.1.attn,3,-41.0,-40.75,0
model.22.m.0.1.attn,3,-40.75,-40.5,0
model.22.m.0.1.attn,3,-40.5,-40.25,0
model.22.m.0.1.attn,3,-40.25,-40.0,0
model.22.m.0.1.attn,3,-40.0,-39.75,0
model.22.m.0.1.attn,3,-39.75,-39.5,0
model.22.m.0.1.attn,3,-39.5,-39.25,0
model.22.m.0.1.attn,3,-39.25,-39.0,0
model.22.m.0.1.attn,3,-39.0,-38.75,0
model.22.m.0.1.attn,3,-38.75,-38.5,0
model.22.m.0.1.attn,3,-38.5,-38.25,0
model.22.m.0.1.attn,3,-38.25,-38.0,0
model.22.m.0.1.attn,3,-38.0,-37.75,0
model.22.m.0.1.attn,3,-37.75,-37.5,0
model.22.m.0.1.attn,3,-37.5,-37.25,0
model.22.m.0.1.attn,3,-37.25,-37.0,0
model.22.m.0.1.attn,3,-37.0,-36.75,0
model.22.m.0.1.attn,3,-36.75,-36.5,0
model.22.m.0.1.attn,3,-36.5,-36.25,0
model.22.m.0.1.attn,3,-36.25,-36.0,0
model.22.m.0.1.attn,3,-36.0,-35.75,0
model.22.m.0.1.attn,3,-35.75,-35.5,0
model.22.m.0.1.attn,3,-35.5,-35.25,0
model.22.m.0.1.attn,3,-35.25,-35.0,0
model.22.m.0.1.attn,3,-35.0,-34.75,0
model.22.m.0.1.attn,3,-34.75,-34.5,0
model.22.m.0.1.attn,3,-34.5,-34.25,0
model.22.m.0.1.attn,3,-34.25,-34.0,0
model.22.m.0.1.attn,3,-34.0,-33.75,0
model.22.m.0.1.attn,3,-33.75,-33.5,0
model.22.m.0.1.attn,3,-33.5,-33.25,0
model.22.m.0.1.attn,3,-33.25,-33.0,0
model.22.m.0.1.attn,3,-33.0,-32.75,0
model.22.m.0.1.attn,3,-32.75,-32.5,0
model.22.m.0.1.attn,3,-32.5,-32.25,0
model.22.m.0.1.attn,3,-32.25,-32.0,0
model.22.m.0.1.attn,3,-32.0,-31.75,0
model.22.m.0.1.attn,3,-31.75,-31.5,0
model.22.m.0.1.attn,3,-31.5,-31.25,0
model.22.m.0.1.attn,3,-31.25,-31.0,0
model.22.m.0.1.attn,3,-31.0,-30.75,0
model.22.m.0.1.attn,3,-30.75,-30.5,0
model.22.m.0.1.attn,3,-30.5,-30.25,0
model.22.m.0.1.attn,3,-30.25,-30.0,1
model.22.m.0.1.attn,3,-30.0,-29.75,0
model.22.m.0.1.attn,3,-29.75,-29.5,0
model.22.m.0.1.attn,3,-29.5,-29.25,0
model.22.m.0.1.attn,3,-29.25,-29.0,1
model.22.m.0.1.attn,3,-29.0,-28.75,0
model.22.m.0.1.attn,3,-28.75,-28.5,1
model.22.m.0.1.attn,3,-28.5,-28.25,1
model.22.m.0.1.attn,3,-28.25,-28.0,4
model.22.m.0.1.attn,3,-28.0,-27.75,4
model.22.m.0.1.attn,3,-27.75,-27.5,15
model.22.m.0.1.attn,3,-27.5,-27.25,11
model.22.m.0.1.attn,3,-27.25,-27.0,26
model.22.m.0.1.attn,3,-27.0,-26.75,22
model.22.m.0.1.attn,3,-26.75,-26.5,45
model.22.m.0.1.attn,3,-26.5,-26.25,46
model.22.m.0.1.attn,3,-26.25,-26.0,67
model.22.m.0.1.attn,3,-26.0,-25.75,65
model.22.m.0.1.attn,3,-25.75,-25.5,109
model.22.m.0.1.attn,3,-25.5,-25.25,148
model.22.m.0.1.attn,3,-25.25,-25.0,163
model.22.m.0.1.attn,3,-25.0,-24.75,198
model.22.m.0.1.attn,3,-24.75,-24.5,327
model.22.m.0.1.attn,3,-24.5,-24.25,381
model.22.m.0.1.attn,3,-24.25,-24.0,525
model.22.m.0.1.attn,3,-24.0,-23.75,600
model.22.m.0.1.attn,3,-23.75,-23.5,807
model.22.m.0.1.attn,3,-23.5,-23.25,998
model.22.m.0.1.attn,3,-23.25,-23.0,1312
model.22.m.0.1.attn,3,-23.0,-22.75,1712
model.22.m.0.1.attn,3,-22.75,-22.5,2080
model.22.m.0.1.attn,3,-22.5,-22.25,2687
model.22.m.0.1.attn,3,-22.25,-22.0,3275
model.22.m.0.1.attn,3,-22.0,-21.75,4189
model.22.m.0.1.attn,3,-21.75,-21.5,4991
model.22.m.0.1.attn,3,-21.5,-21.25,6606
model.22.m.0.1.attn,3,-21.25,-21.0,7508
model.22.m.0.1.attn,3,-21.0,-20.75,9994
model.22.m.0.1.attn,3,-20.75,-20.5,11420
model.22.m.0.1.attn,3,-20.5,-20.25,14888
model.22.m.0.1.attn,3,-20.25,-20.0,16935
model.22.m.0.1.attn,3,-20.0,-19.75,22069
model.22.m.0.1.attn,3,-19.75,-19.5,25658
model.22.m.0.1.attn,3,-19.5,-19.25,32276
model.22.m.0.1.attn,3,-19.25,-19.0,36896
model.22.m.0.1.attn,3,-19.0,-18.75,46654
model.22.m.0.1.attn,3,-18.75,-18.5,53431
model.22.m.0.1.attn,3,-18.5,-18.25,65881
model.22.m.0.1.attn,3,-18.25,-18.0,74638
model.22.m.0.1.attn,3,-18.0,-17.75,93385
model.22.m.0.1.attn,3,-17.75,-17.5,104681
model.22.m.0.1.attn,3,-17.5,-17.25,128201
model.22.m.0.1.attn,3,-17.25,-17.0,144435
model.22.m.0.1.attn,3,-17.0,-16.75,177180
model.22.m.0.1.attn,3,-16.75,-16.5,199151
model.22.m.0.1.attn,3,-16.5,-16.25,241647
model.22.m.0.1.attn,3,-16.25,-16.0,270268
model.22.m.0.1.attn,3,-16.0,-15.75,326672
model.22.m.0.1.attn,3,-15.75,-15.5,363052
model.22.m.0.1.attn,3,-15.5,-15.25,437630
model.22.m.0.1.attn,3,-15.25,-15.0,484942
model.22.m.0.1.attn,3,-15.0,-14.75,583067
model.22.m.0.1.attn,3,-14.75,-14.5,645586
model.22.m.0.1.attn,3,-14.5,-14.25,772959
model.22.m.0.1.attn,3,-14.25,-14.0,850850
model.22.m.0.1.attn,3,-14.0,-13.75,1016274
model.22.m.0.1.attn,3,-13.75,-13.5,1118118
model.22.m.0.1.attn,3,-13.5,-13.25,1331736
model.22.m.0.1.attn,3,-13.25,-13.0,1464072
model.22.m.0.1.attn,3,-13.0,-12.75,1738875
model.22.m.0.1.attn,3,-12.75,-12.5,1907145
model.22.m.0.1.attn,3,-12.5,-12.25,2263828
model.22.m.0.1.attn,3,-12.25,-12.0,2471519
model.22.m.0.1.attn,3,-12.0,-11.75,2920668
model.22.m.0.1.attn,3,-11.75,-11.5,3183233
model.22.m.0.1.attn,3,-11.5,-11.25,3753619
model.22.m.0.1.attn,3,-11.25,-11.0,4057718
model.22.m.0.1.attn,3,-11.0,-10.75,4767133
model.22.m.0.1.attn,3,-10.75,-10.5,5122680
model.22.m.0.1.attn,3,-10.5,-10.25,6001973
model.22.m.0.1.attn,3,-10.25,-10.0,6389516
model.22.m.0.1.attn,3,-10.0,-9.75,7446857
model.22.m.0.1.attn,3,-9.75,-9.5,7863631
model.22.m.0.1.attn,3,-9.5,-9.25,9104156
model.22.m.0.1.attn,3,-9.25,-9.0,9509973
model.22.m.0.1.attn,3,-9.0,-8.75,10941355
model.22.m.0.1.attn,3,-8.75,-8.5,11283827
model.22.m.0.1.attn,3,-8.5,-8.25,12885632
model.22.m.0.1.attn,3,-8.25,-8.0,13112870
model.22.m.0.1.attn,3,-8.0,-7.75,14831994
model.22.m.0.1.attn,3,-7.75,-7.5,14889313
model.22.m.0.1.attn,3,-7.5,-7.25,16659683
model.22.m.0.1.attn,3,-7.25,-7.0,16438735
model.22.m.0.1.attn,3,-7.0,-6.75,18194135
model.22.m.0.1.attn,3,-6.75,-6.5,17639312
model.22.m.0.1.attn,3,-6.5,-6.25,19254531
model.22.m.0.1.attn,3,-6.25,-6.0,18331756
model.22.m.0.1.attn,3,-6.0,-5.75,19731146
model.22.m.0.1.attn,3,-5.75,-5.5,18387853
model.22.m.0.1.attn,3,-5.5,-5.25,19477049
model.22.m.0.1.attn,3,-5.25,-5.0,17787845
model.22.m.0.1.attn,3,-5.0,-4.75,18504122
model.22.m.0.1.attn,3,-4.75,-4.5,16533236
model.22.m.0.1.attn,3,-4.5,-4.25,16875281
model.22.m.0.1.attn,3,-4.25,-4.0,14728172
model.22.m.0.1.attn,3,-4.0,-3.75,14732821
model.22.m.0.1.attn,3,-3.75,-3.5,12552374
model.22.m.0.1.attn,3,-3.5,-3.25,12274208
model.22.m.0.1.attn,3,-3.25,-3.0,10186089
model.22.m.0.1.attn,3,-3.0,-2.75,9731227
model.22.m.0.1.attn,3,-2.75,-2.5,7856626
model.22.m.0.1.attn,3,-2.5,-2.25,7288524
model.22.m.0.1.attn,3,-2.25,-2.0,5712171
model.22.m.0.1.attn,3,-2.0,-1.75,5132186
model.22.m.0.1.attn,3,-1.75,-1.5,3906763
model.22.m.0.1.attn,3,-1.5,-1.25,3359100
model.22.m.0.1.attn,3,-1.25,-1.0,2487051
model.22.m.0.1.attn,3,-1.0,-0.75,2024004
model.22.m.0.1.attn,3,-0.75,-0.5,1468234
model.22.m.0.1.attn,3,-0.5,-0.25,1106996
model.22.m.0.1.attn,3,-0.25,0.0,2393245
